ciclo,semana,dia,salmo_manha,salmo_noite,antigo_testamento,novo_testamento,evangelho
Ímpar,Primeira Semana do Advento,Seg,"Salmo 1, 2, 3","Salmo 4, 7",Isaías 1:10-20,1 Tessalonicenses 1:1-10,Lucas 20:1-8
Ímpar,Primeira Semana do Advento,Ter,"Salmo 5, 6","Salmo 10, 11",Isaías 1:21-31,1 Tessalonicenses 2:1-12,Lucas 20:9-18
Ímpar,Primeira Semana do Advento,Qua,Salmo 119:1-24,"Salmo 12, 13, 14",Isaías 2:1-11,1 Tessalonicenses 2:13-20,Lucas 20:19-26
Ímpar,Primeira Semana do Advento,Qui,Salmo 18:1-20,Salmo 18:21-50,Isaías 2:12-22,1 Tessalonicenses 3:1-13,Lucas 20:27-40
Ímpar,Primeira Semana do Advento,Sex,"Salmo 16, 17",Salmo 22,Isaías 3:8-15,1 Tessalonicenses 4:1-12,Lucas 20:41-21:4
Ímpar,Primeira Semana do Advento,Sab,"Salmo 20, 21:1-7(8-14)","Salmo 110:1-5(6-7), 116, 117",Isaías 4:2-6,1 Tessalonicenses 4:13-18,Lucas 21:5-19
Ímpar,Segunda Semana do Advento,Seg,Salmo 25,"Salmo 9, 15","Isaías 5:8-12, 18-23",1 Tessalonicenses 5:1-11,Lucas 21:20-28
Ímpar,Segunda Semana do Advento,Ter,"Salmo 26, 28","Salmo 36, 39","Isaías 5:13-17, 24-25",1 Tessalonicenses 5:12-28,Lucas 21:29-38
Ímpar,Segunda Semana do Advento,Qua,Salmo 38,Salmo 119:25-48,Isaías 6:1-13,2 Tessalonicenses 1:1-12,João 7:53-8:11
Ímpar,Segunda Semana do Advento,Qui,Salmo 37:1-18,Salmo 37:19-42,Isaías 7:1-9,2 Tessalonicenses 2:1-12,Lucas 22:1-13
Ímpar,Segunda Semana do Advento,Sex,Salmo 31,Salmo 35,Isaías 7:10-25,2 Tessalonicenses 2:13-3:5,Lucas 22:14-30
Ímpar,Segunda Semana do Advento,Sab,"Salmo 30, 32","Salmo 42, 43",Isaías 8:1-15,2 Tessalonicenses 3:6-18,Lucas 22:31-38
Ímpar,Terceira Semana do Advento,Seg,"Salmo 41, 52",Salmo 44,Isaías 8:16-9:1,2 Pedro 1:1-11,Lucas 22:39-53
Ímpar,Terceira Semana do Advento,Ter,Salmo 45,"Salmo 47, 48",Isaías 9:1-7,2 Pedro 1:12-21,Lucas 22:54-69
Ímpar,Terceira Semana do Advento,Qua,Salmo 119:49-72,"Salmo 49, Salmo (53)",Isaías 9:8-17,2 Pedro 2:1-10a,Marcos 1:1-8
Ímpar,Terceira Semana do Advento,Qui,Salmo 50,"Salmo [59, 60] ou 33",Isaías 9:18-10:4,2 Pedro 2:10b-16,Mateus 3:1-12
Ímpar,Terceira Semana do Advento,Sex,"Salmo 40, 54",Salmo 51,Isaías 10:5-19,2 Pedro 2:17-22,Mateus 11:2-15
Ímpar,Terceira Semana do Advento,Sab,Salmo 55,"Salmo 138, 139:1-17(18-23)",Isaías 10:20-27,Judas 1:17-25,Lucas 3:1-9
Ímpar,Quarta Semana do Advento,Seg,"Salmo 61, 62","Salmo 112, 115",Isaías 11:1-9,Apocalipse 20:1-10,João 5:30-47
Ímpar,Quarta Semana do Advento,Ter,"Salmo 66, 67","Salmo 116, 117",Isaías 11:10-16,Apocalipse 20:11-21:8,Lucas 1:5-25
Ímpar,Quarta Semana do Advento,Qua,Salmo 72,"Salmo 111, 113",Isaías 28:9-22,Apocalipse 21:9-21,Lucas 1:26-38
Ímpar,Quarta Semana do Advento,Qui,Salmo 80,"Salmo 146, 147",Isaías 29:13-24,"Apocalipse 22:6-11, 18-20",Lucas 1:57-66
Ímpar,Quarta Semana do Advento,Sex,"Salmo 93, 96","Salmo 148, 150",Isaías 33:17-22,"Apocalipse 22:12-17, 21",Lucas 1:67-80
Ímpar,Quarta Semana do Advento,24 Dez,"Salmo 45, 46",Salmo 89:1-29,Isaías 35:1-10,"Apocalipse 22:12-17, 21",Lucas 1:67-80
Ímpar,Dia de Natal,25 Dez,"Salmo 2, 85","Salmo 110:1-5(6-7), 132",Zacarias 2:10-13,João 3:31-26,João 4:7-16
Ímpar,Primeira Semana do Natal,29 Dez,Salmo 18:1-20,Salmo 18:21-50,Isaías 12:1-6,Apocalipse 1:1-8,João 7:37-52
Ímpar,Primeira Semana do Natal,30 Dez,"Salmo 20, 21:1-7(8-14)","Salmo 23, 27",Isaías 25:1-9,Apocalipse 1:9-20,João 7:53-8:11
Ímpar,Primeira Semana do Natal,31 Dez,"Salmo 46, 48",Salmo 90,Isaías 26:1-9 / Isaías 65:15b-25,2 Coríntios 5:16-6:2 / Apocalipse 21:1-6,João 8:12-19
Ímpar,Primeiro Domingo depois do Natal,Seg,"Salmo 93, 96",Salmo 34,"Isaías 62:6-7, 10-12",Hebreus 2:10-18,Mateus 1:18-25
Ímpar,Segunda Semana do Natal,2 Jan,Salmo 34,Salmo 33,Gênesis 12:1-7,Hebreus 11:1-12,"João 6:35-42, 48-51"
Ímpar,Segunda Semana do Natal,3 Jan,Salmo 68,Salmo 72,Gênesis 28:10-22,Hebreus 11:13-22,João 10:7-17
Ímpar,Segunda Semana do Natal,4 Jan,"Salmo 85, 87",Salmo 89:1-29,Êxodo 3:1-12,Hebreus 11:23-31,João 14:6-14
Ímpar,Segunda Semana do Natal,5 Jan,"Salmo 2, 110:1-5(6-7)","",Josué 1:1-9,Hebreus 11:32-12:2,João 15:1-16
Ímpar,Santo Nome de Jesus,1 Jan,Salmo 103,Salmo 148,"Gênesis 17:1-12a, 15-16",Colossenses 2:6-12,João 16:23b-30
Ímpar,Tempo da Epifania,7 Jan,Salmo 103,"Salmo 114, 115",Isaías 52:3-6,Apocalipse 2:1-7,João 2:1-11
Ímpar,Tempo da Epifania,8 Jan,"Salmo 117, 118","Salmo 112, 113",Isaías 59:15-21,Apocalipse 2:8-17,João 4:46-54
Ímpar,Tempo da Epifania,9 Jan,"Salmo 121, 122, 123","Salmo 131, 132",Isaías 63:1-5,Apocalipse 2:18-29,João 5:1-15
Ímpar,Tempo da Epifania,10 Jan,"Salmo 138, 139:1-17(18-23)",Salmo 147,Isaías 65:1-9,Apocalipse 3:7-13,João 6:1-14
Ímpar,Tempo da Epifania,11 Jan,"Salmo 148, 150","Salmo 91, 92",Isaías 65:13-16,Apocalipse 3:14-22,João 6:15-27
Ímpar,Tempo da Epifania,12 Jan,"Salmo 98, 99(100)",Salmo 104,"Isaías 66:1-2, 22-23",Apocalipse 3:14-22,"João 9:1-12, 35-38"
Ímpar,Primeira Semana da Epifania,Seg,"Salmo 1, 2, 3","Salmo 4, 7",Isaías 40:12-23,Efésios 1:1-14,Marcos 1:1-13
Ímpar,Primeira Semana da Epifania,Ter,"Salmo 5, 6","Salmo 10, 11",Isaías 40:25-31,Efésios 1:15-23,Marcos 1:14-28
Ímpar,Primeira Semana da Epifania,Qua,Salmo 119:1-24,"Salmo 12, 13, 14",Isaías 41:1-16,Efésios 2:1-10,Marcos 1:29-45
Ímpar,Primeira Semana da Epifania,Qui,Salmo 18:1-20,Salmo 18:21-50,Isaías 41:17-29,Efésios 2:11-22,Marcos 2:1-12
Ímpar,Primeira Semana da Epifania,Sex,"Salmo 16, 17",Salmo 22,Isaías 42:(1-9)10-17,Efésios 3:1-13,Marcos 2:13-22
Ímpar,Primeira Semana da Epifania,Sab,"Salmo 20, 21:1-7(8-14)","Salmo 110:1-5(6-7), 116, 117",Isaías 43:1-13,Efésios 3:14-21,Marcos 2:23-3:6
Ímpar,Segunda Semana da Epifania,Seg,Salmo 25,"Salmo 9, 15","Isaías 44:6-8, 21-23",Efésios 4:1-16,Marcos 3:7-19a
Ímpar,Segunda Semana da Epifania,Ter,"Salmo 26, 28","Salmo 36, 39",Isaías 44:9-20,Efésios 4:17-32,Marcos 3:19b-35
Ímpar,Segunda Semana da Epifania,Qua,Salmo 38,Salmo 119:25-48,Isaías 44:24-45:7,Efésios 5:1-14,Marcos 4:1-20
Ímpar,Segunda Semana da Epifania,Qui,Salmo 37:1-18,Salmo 37:19-42,Isaías 45:5-17,Efésios 5:15-33,Marcos 4:21-34
Ímpar,Segunda Semana da Epifania,Sex,Salmo 31,Salmo 35,Isaías 45:18-25,Efésios 6:1-9,Marcos 4:35-41
Ímpar,Segunda Semana da Epifania,Sab,"Salmo 30, 32","Salmo 42, 43",Isaías 46:1-13,Efésios 6:10-24,Marcos 5:1-20
Ímpar,Terceira Semana da Epifania,Seg,"Salmo 41, 52",Salmo 44,Isaías 48:1-11,Gálatas 1:1-17,Marcos 5:21-43
Ímpar,Terceira Semana da Epifania,Ter,Salmo 45,"Salmo 47, 48",Isaías 48:12-21,Gálatas 1:18-2:10,Marcos 6:1-13
Ímpar,Terceira Semana da Epifania,Qua,Salmo 119:49-72,"Salmo 49, [53]",Isaías 49:1-12,Gálatas 2:11-21,Marcos 6:13-29
Ímpar,Terceira Semana da Epifania,Qui,Salmo 50,"Salmo [59, 60] ou 118",Isaías 49:13-23,Gálatas 3:1-14,Marcos 6:30-46
Ímpar,Terceira Semana da Epifania,Sex,"Salmo 40, 54",Salmo 51,Isaías 50:1-11,Gálatas 3:15-22,Marcos 6:47-56
Ímpar,Terceira Semana da Epifania,Sab,Salmo 55,"Salmo 138, 139:1-17(18-23)",Isaías 51:1-8,Gálatas 3:23-29,Marcos 7:1-23
Ímpar,Quarta Semana da Epifania,Seg,"Salmo 56, 57, [58]","Salmo 64, 65",Isaías 51:17-23,Gálatas 4:1-11,Marcos 7:24-37
Ímpar,Quarta Semana da Epifania,Ter,"Salmo 61, 62",Salmo 68:1-20(21-23)24-36,Isaías 52:1-12,Gálatas 4:12-20,Marcos 8:1-10
Ímpar,Quarta Semana da Epifania,Qua,Salmo 72,Salmo 119:73-96,Isaías 54:1-10(11-17),Gálatas 4:21-31,Marcos 8:11-26
Ímpar,Quarta Semana da Epifania,Qui,"Salmo [70], 71",Salmo 74,Isaías 55:1-13,Gálatas 5:1-15,Marcos 8:27-9:1
Ímpar,Quarta Semana da Epifania,Sex,Salmo 69:1-23(24-30)31-38,Salmo 73,Isaías 56:1-8,Gálatas 5:16-24,Marcos 9:2-13
Ímpar,Quarta Semana da Epifania,Sab,"Salmo 75, 76","Salmo 23, 27",Isaías 57:3-13,Gálatas 5:25-6:10,Marcos 9:14-29
Ímpar,Quinta Semana da Epifania,Seg,Salmo 80,"Salmo 77, [79]",Isaías 58:1-12,2 Timóteo 1:1-14,Marcos 9:30-41
Ímpar,Quinta Semana da Epifania,Ter,Salmo 78:1-39,Salmo 78:40-72,Isaías 59:1-15a,2 Timóteo 1:15-2:13,Marcos 9:42-50
Ímpar,Quinta Semana da Epifania,Qua,Salmo 119:97-120,"Salmo 81, 82",Isaías 59:15b-21,2 Timóteo 2:14-26,Marcos 10:1-16
Ímpar,Quinta Semana da Epifania,Qui,"Salmo [83] ou 146, 147","Salmo 85, 86",Isaías 60:1-17,2 Timóteo 3:1-17,Marcos 10:17-31
Ímpar,Quinta Semana da Epifania,Sex,Salmo 88,"Salmo 91, 92",Isaías 61:1-9,2 Timóteo 4:1-8,Marcos 10:32-45
Ímpar,Quinta Semana da Epifania,Sab,"Salmo 87, 90",Salmo 136,Isaías 61:10-62:5,2 Timóteo 4:1-8,Marcos 10:46-52
Ímpar,Sexta Semana da Epifania,Seg,Salmo 89:1-18,Salmo 89:19-52,Isaías 63:1-6,1 Timóteo 1:1-17,Marcos 11:1-11
Ímpar,Sexta Semana da Epifania,Ter,"Salmo 97, 99, [100]","Salmo 94, [95]",Isaías 63:7-14,1 Timóteo 1:18-2:8,Marcos 11:12-26
Ímpar,Sexta Semana da Epifania,Qua,"Salmo 101, 109:1-4(5-19)20-30",Salmo 119:121-144,Isaías 63:15-64:9,1 Timóteo 3:1-16,Marcos 11:27-12:12
Ímpar,Sexta Semana da Epifania,Qui,Salmo 105:1-22,Salmo 105:23-45,Isaías 65:1-12,1 Timóteo 4:1-16,Marcos 12:13-27
Ímpar,Sexta Semana da Epifania,Sex,Salmo 102,Salmo 107:1-32,Isaías 65:17-25,1 Timóteo 5:17-22(23-25),Marcos 12:28-34
Ímpar,Sexta Semana da Epifania,Sab,"Salmo 107:33-43, 108:1-6(7-13)",Salmo 33,Isaías 66:1-6,1 Timóteo 6:6-21,Marcos 12:35-44
Ímpar,Sétima Semana da Epifania,Seg,Salmo 106:1-18,Salmo 106:19-48,Rute 1:1-14,2 Coríntios 1:1-11,Mateus 5:1-12
Ímpar,Sétima Semana da Epifania,Ter,"Salmo [120], 121, 122, 123","Salmo 124, 125, 126, [127]",Rute 1:15-22,2 Coríntios 1:12-22,Mateus 5:13-20
Ímpar,Sétima Semana da Epifania,Qua,Salmo 119:145-176,"Salmo 128, 129, 130",Rute 2:1-12,2 Coríntios 1:23-2:17,Mateus 5:21-26
Ímpar,Sétima Semana da Epifania,Qui,"Salmo 131, 132, [133]","Salmo 134, 135",Rute 2:14-23,2 Coríntios 3:1-18,Mateus 5:27-37
Ímpar,Sétima Semana da Epifania,Sex,"Salmo 140, 142","Salmo 141, 143:1-11(12)",Rute 3:1-18,2 Coríntios 4:1-12,Mateus 5:38-48
Ímpar,Sétima Semana da Epifania,Sab,"Salmo 137:1-6(7-9), 144",Salmo 104,Rute 4:1-17,2 Coríntios 4:13-5:10,Mateus 6:1-16
Ímpar,Oitava Semana da Epifania,Seg,"Salmo 1, 2, 3","Salmo 4, 7",Deuteronômio 4:9-14,2 Coríntios 10:1-18,Mateus 6:7-15
Ímpar,Oitava Semana da Epifania,Ter,"Salmo 5, 6","Salmo 10, 11",Deuteronômio 4:15-24,2 Coríntios 11:1-21a,Mateus 6:16-23
Ímpar,Oitava Semana da Epifania,Qua,Salmo 119:1-24,"Salmo 12, 13, 14",Deuteronômio 4:25-31,2 Coríntios 11:21b-33,Mateus 6:24-34
Ímpar,Oitava Semana da Epifania,Qui,Salmo 18:1-20,Salmo 18:21-50,Deuteronômio 4:32-40,2 Coríntios 12:1-10,Mateus 7:1-12
Ímpar,Oitava Semana da Epifania,Sex,"Salmo 16, 17",Salmo 22,Deuteronômio 5:1-22,2 Coríntios 12:11-21,Mateus 7:13-21
Ímpar,Oitava Semana da Epifania,Sab,"Salmo 20, 21:1-7 (8-14)","Salmo 110:1-5(6-7), 116, 117",Deuteronômio 5:22-33,2 Coríntios 13:1-14,Mateus 7:22-29
Ímpar,Última Semana da Epifania,Seg,Salmo 25,"Salmo 9, 15",Deuteronômio 6:10-15,Hebreus 1:1-14,João 1:1-18
Ímpar,Última Semana da Epifania,Ter,"Salmo 26, 28","Salmo 36, 39",Deuteronômio 6:16-25,Hebreus 2:1-10,João 1:19-28
Ímpar,Última Semana da Epifania,Qua,"Salmo 95 & 32, 143","Salmo 102, 130",Jonas 3:1-4:11,Hebreus 12:1-14,Lucas 18:9-14
Ímpar,Última Semana da Epifania,Qui,Salmo 37:1-18,Salmo 37:19-42,Deuteronômio 7:6-11,Tito 1:1-16,João 1:29-34
Ímpar,Última Semana da Epifania,Sex,Salmo 95 & 31,Salmo 35,Deuteronômio 7:12-16,Tito 2:1-15,João 1:35-42
Ímpar,Última Semana da Epifania,Sab,"Salmo 30, 32","Salmo 42, 43",Deuteronômio 7:17-26,Tito 3:1-15,João 1:43-51
Ímpar,Primeira Semana da Quaresma,Seg,"Salmo 41, 52",Salmo 44,Deuteronômio 8:11-20,Hebreus 2:11-18,João 2:1-12
Ímpar,Primeira Semana da Quaresma,Ter,Salmo 45,"Salmo 47, 48",Deuteronômio 9:4-12,Hebreus 3:1-11,João 2:13-22
Ímpar,Primeira Semana da Quaresma,Qua,Salmo 119:49-72,"Salmo 49, [53]",Deuteronômio 9:13-21,Hebreus 3:12-19,João 2:23-3:15
Ímpar,Primeira Semana da Quaresma,Qui,Salmo 50,"Salmo [59, 60] ou 19, 46",Deuteronômio 9:23-10:5,Hebreus 4:1-10,João 3:16-21
Ímpar,Primeira Semana da Quaresma,Sex,"Salmo 95 & 40, 54",Salmo 51,Deuteronômio 10:12-22,Hebreus 4:11-16,João 3:22-36
Ímpar,Primeira Semana da Quaresma,Sab,Salmo 55,"Salmo 138, 139:1-17(18-23)",Deuteronômio 11:18-28,Hebreus 5:1-10,João 4:1-26
Ímpar,Segunda Semana da Quaresma,Seg,"Salmo 56, 57, [58]","Salmo 64, 65",Jeremias 1:11-19,Romanos 1:1-15,João 4:27-42
Ímpar,Segunda Semana da Quaresma,Ter,"Salmo 61, 62",Salmo 68:1-20(21-23)24-36,Jeremias 2:1-13,Romanos 1:16-25,João 4:43-54
Ímpar,Segunda Semana da Quaresma,Qua,Salmo 72,Salmo 119:73-96,Jeremias 3:6-18,Romanos 1:28-2:11,João 5:1-18
Ímpar,Segunda Semana da Quaresma,Qui,"Salmo [70], 71",Salmo 74,"Jeremias 4:9-10, 19-28",Romanos 2:12-24,João 5:19-29
Ímpar,Segunda Semana da Quaresma,Sex,Salmo 95 & 69:1-23(24-30)31-38,Salmo 73,Jeremias 5:1-9,Romanos 2:25-3:18,João 5:30-47
Ímpar,Segunda Semana da Quaresma,Sab,"Salmo 75, 76","Salmo 23, 27",Jeremias 5:20-31,Romanos 3:19-31,João 7:1-13
Ímpar,Terceira Semana da Quaresma,Seg,Salmo 80,"Salmo 77, [79]",Jeremias 7:1-15,Romanos 4:1-12,João 7:14-36
Ímpar,Terceira Semana da Quaresma,Ter,Salmo 78:1-39,Salmo 78:40-72,Jeremias 7:21-34,Romanos 4:13-25,João 7:37-52
Ímpar,Terceira Semana da Quaresma,Qua,Salmo 119:97-120,"Salmo 81, 82",Jeremias 8:18-9:6,Romanos 5:1-11,João 8:12-20
Ímpar,Terceira Semana da Quaresma,Qui,"Salmo [83] ou 42, 43","Salmo 85, 86",Jeremias 10:11-24,Romanos 5:12-21,João 8:21-32
Ímpar,Terceira Semana da Quaresma,Sex,Salmo 95 & 88,"Salmo 91, 92","Jeremias 11:1-8, 14-20",Romanos 6:1-11,João 8:33-47
Ímpar,Terceira Semana da Quaresma,Sab,"Salmo 87, 90",Salmo 136,Jeremias 13:1-11,Romanos 6:12-23,João 8:47-59
Ímpar,Quarta Semana da Quaresma,Seg,Salmo 89:1-18,Salmo 89:19-52,Jeremias 16:10-21,Romanos 7:1-12,João 6:1-15
Ímpar,Quarta Semana da Quaresma,Ter,"Salmo 97, 99, [100]","Salmo 94, [95]",Jeremias 17:19-27,Romanos 7:13-25,João 6:16-27
Ímpar,Quarta Semana da Quaresma,Qua,"Salmo 101, 109:1-4(5-19)20-30",Salmo 119:121-144,Jeremias 18:1-11,Romanos 8:1-11,João 6:27-40
Ímpar,Quarta Semana da Quaresma,Qui,Salmo 69:1-23(24-30)31-38,Salmo 73,Jeremias 22:13-23,Romanos 8:12-27,João 6:41-51
Ímpar,Quarta Semana da Quaresma,Sex,Salmo 95 & 102,Salmo 107:1-32,Jeremias 23:1-8,Romanos 8:28-39,João 6:52-59
Ímpar,Quarta Semana da Quaresma,Sab,"Salmo 107:33-43, 108:1-6(7-13)",Salmo 33,Jeremias 23:9-15,Romanos 9:1-18,João 6:60-71
Ímpar,Quinta Semana da Quaresma,Seg,Salmo 31,Salmo 35,Jeremias 24:1-10,Romanos 9:19-33,João 9:1-17
Ímpar,Quinta Semana da Quaresma,Ter,"Salmo [120], 121, 122, 123","Salmo 124, 125, 126, [127]",Jeremias 25:8-17,Romanos 10:1-13,João 9:18-41
Ímpar,Quinta Semana da Quaresma,Qua,Salmo 119:145-176,"Salmo 128, 129, 130",Jeremias 25:30-38,Romanos 10:14-21,João 10:1-18
Ímpar,Quinta Semana da Quaresma,Qui,"Salmo 131, 132, [133]","Salmo 140, 142",Jeremias 26:1-16,Romanos 11:1-12,João 10:19-42
Ímpar,Quinta Semana da Quaresma,Sex,Salmo 95 & 22,"Salmo 141, 143:1-11(12)","Jeremias 29:1, 4-13",Romanos 11:13-24,João 11:1-27 ou 12:1-10
Ímpar,Quinta Semana da Quaresma,Sab,"Salmo 137:1-6(7-9), 144","Salmo 42, 43",Jeremias 31:27-34,Romanos 11:25-36,João 11:28-44 ou 12:37-50
Ímpar,Semana Santa,Seg,Salmo 51:1-18(19-20),Salmo 69:1-23,Jeremias 12:1-16,Filipenses 3:1-14,João 12:9-19
Ímpar,Semana Santa,Ter,"Salmo 6, 12",Salmo 94,Jeremias 15:10-21,Filipenses 3:15-21,João 12:20-26
Ímpar,Semana Santa,Qua,"Salmo 55, 12",Salmo 74,"Jeremias 17:5-10, 14-17",Filipenses 4:1-13,João 12:27-26
Ímpar,Semana Santa,Qui,Salmo 102,"Salmo 142, 143",Jeremias 20:7-11,"1 Coríntios 10:14-17, 11:27-32",João 17:1-11(12-26)
Ímpar,Semana Santa,Sex,Salmo 95 & 22,"Salmo 40:1-14(15-19), 54",Gênesis 22:1-14,1 Pedro 1:10-20,João 13:36-38
Ímpar,Semana Santa,Sab,Salmo 95 & 88,Salmo 27,Jó 19:21-27a,Hebreus 4:1-16,João 19:38-42
Ímpar,Primeira Semana da Páscoa,Seg,"Salmo 93, 98",Salmo 66,Jonas 2:1-9,"Atos 2:14, 22-32",João 14:1-14
Ímpar,Primeira Semana da Páscoa,Ter,Salmo 103,"Salmo 111, 114",Isaías 30:18-21,Atos 2:26-41(42-47),João 14:15-31
Ímpar,Primeira Semana da Páscoa,Qua,"Salmo 97, 99",Salmo 115,Miquéias 7:7-15,Atos 3:1-10,João 15:1-11
Ímpar,Primeira Semana da Páscoa,Qui,"Salmo 146, 147","Salmo 148, 149",Ezequiel 37:1-14,Atos 3:11-26,João 15:12-27
Ímpar,Primeira Semana da Páscoa,Sex,Salmo 136,Salmo 118,"Daniel 12:1-4, 13",Atos 4:1-12,João 16:1-15
Ímpar,Primeira Semana da Páscoa,Sab,Salmo 145,Salmo 104,Isaías 25:1-9,Atos 4:13-21(22-31),João 16:16-33
Ímpar,Segunda Semana da Páscoa,Seg,"Salmo 1, 2, 3","Salmo 4, 7",Daniel 1:1-21,1 João 1:1-10,João 17:1-11
Ímpar,Segunda Semana da Páscoa,Ter,"Salmo 5, 6","Salmo 10, 11",Daniel 2:1-16,1 João 2:1-11,João 17:12-19
Ímpar,Segunda Semana da Páscoa,Qua,Salmo 119:1-24,"Salmo 12, 13, 14",Daniel 2:17-30,1 João 2:12-17,João 17:20-26
Ímpar,Segunda Semana da Páscoa,Qui,Salmo 18:1-20,Salmo 18:21-50,Daniel 2:31-49,1 João 2:18-29,Lucas 3:1-14
Ímpar,Segunda Semana da Páscoa,Sex,"Salmo 16, 17","Salmo 134, 135",Daniel 3:1-18,1 João 3:1-10,Lucas 3:15-22
Ímpar,Segunda Semana da Páscoa,Sab,"Salmo 20, 21:1-7(8-14)","Salmo 110:1-5(6-7), 116, 117",Daniel 3:19-30,1 João 3:11-18,Lucas 4:1-13
Ímpar,Terceira Semana da Páscoa,Seg,Salmo 25,"Salmo 9, 15",Daniel 4:19-27,1 João 3:19-4:6,Lucas 4:14-30
Ímpar,Terceira Semana da Páscoa,Ter,"Salmo 26, 28","Salmo 36, 39",Daniel 4:28-37,1 João 4:7-21,Lucas 4:31-37
Ímpar,Terceira Semana da Páscoa,Qua,Salmo 38,Salmo 119:25-48,Daniel 5:1-12,1 João 5:1-12,Lucas 4:38-44
Ímpar,Terceira Semana da Páscoa,Qui,Salmo 37:1-18,Salmo 37:19-42,Daniel 5:13-30,1 João 5:13-20(21),Lucas 5:1-11
Ímpar,Terceira Semana da Páscoa,Sex,Salmo 105:1-22,Salmo 105:23-45,Daniel 6:1-15,2 João 1:1-13,Lucas 5:12-26
Ímpar,Terceira Semana da Páscoa,Sab,"Salmo 30, 32","Salmo 42, 43",Daniel 6:16-28,3 João 1:1-15,Lucas 5:27-39
Ímpar,Quarta Semana da Páscoa,Seg,"Salmo 41, 52",Salmo 44,Eclesiastes 12:1-8,Colossenses 1:1-14,Lucas 6:1-11
Ímpar,Quarta Semana da Páscoa,Ter,Salmo 45,"Salmo 47, 48",Gênesis 15:1-6,Colossenses 1:15-23,Lucas 6:12-26
Ímpar,Quarta Semana da Páscoa,Qua,Salmo 119:49-72,"Salmo 49, [53]",Deuteronômio 32:44-47,Colossenses 1:24-2:7,Lucas 6:27-38
Ímpar,Quarta Semana da Páscoa,Qui,Salmo 50,"Salmo [59, 60] ou 114, 115",Provérbios 16:1-7,Colossenses 3:1-11,Lucas 6:39-49
Ímpar,Quarta Semana da Páscoa,Sex,"Salmo 40, 54",Salmo 51,Provérbios 1:1-7,Colossenses 3:12-17,Lucas 7:1-17
Ímpar,Quarta Semana da Páscoa,Sab,Salmo 55,"Salmo 138, 139:1-17(18-23)",Eclesiastes 1:12-18,Colossenses 3:12-17,Lucas 7:18-28(29-30)31-35
Ímpar,Quinta Semana da Páscoa,Seg,"Salmo 56, 57, [58]","Salmo 64, 65",Gênesis 2:18-25,Colossenses (3:18-4:1)2-18,Lucas 7:36-50
Ímpar,Quinta Semana da Páscoa,Ter,"Salmo 61, 62",Salmo 68:1-20(21-23)24-36,Gênesis 2:18-25,Romanos 12:1-21,Lucas 8:1-15
Ímpar,Quinta Semana da Páscoa,Qua,Salmo 72,Salmo 119:73-96,Êxodo 23:20-32,Romanos 13:1-14,Lucas 8:16-25
Ímpar,Quinta Semana da Páscoa,Qui,"Salmo [70], 71",Salmo 74,1 Reis 18:20-46,Isaías 66:1-4,Romanos 14:1-12
Ímpar,Quinta Semana da Páscoa,Sex,Salmo 106:1-18,Salmo 106:19-48,Isaías 60:1-6,Romanos 15:1-13,Lucas 8:40-56
Ímpar,Quinta Semana da Páscoa,Sab,"Salmo 75, 76","Salmo 23, 27",Êxodo 23:20-32,Romanos 13:1-14,Lucas 9:1-17
Ímpar,Sexta Semana da Páscoa,Seg,Salmo 80,"Salmo 77, [79]",Deuteronômio 8:1-10,Tiago 1:1-15,Lucas 9:18-27
Ímpar,Sexta Semana da Páscoa,Ter,Salmo 78:1-39,Salmo 78:40-72,Deuteronômio 8:11-20,Tiago 1:16-27,Lucas 11:1-13
Ímpar,Sexta Semana da Páscoa,Qua,Salmo 119:97-120,Salmo 68:1-20,2 Reis 2:1-15,Tiago 5:13-18 / Apocalipse 5:1-14,Lucas 12:22-31
Ímpar,Sexta Semana da Páscoa,Sab,"Salmo 87, 90",Salmo 136,Ezequiel 3:4-17,Hebreus 5:7-14,Lucas 9:37-50
Ímpar,Ascensão do Senhor,Qui,"Salmo 8, 47","Salmo 24, 96","Ezequiel 1:1-14, 24-28b",Hebreus 2:5-18,Mateus 28:16-20
Ímpar,Ascensão do Senhor,Sex,"Salmo 85, 86","Salmo 91, 92",Ezequiel 1:28-3:3,Hebreus 4:14-5:6,Lucas 9:28-36
Ímpar,Sétima Semana da Páscoa,Seg,Salmo 89:1-18,Salmo 89:19-52,Ezequiel 4:1-17,Hebreus 6:1-12,Lucas 9:51-62
Ímpar,Sétima Semana da Páscoa,Ter,"Salmo 97, 99, [100]","Salmo 94, [95]","Ezequiel 7:10-15, 23b-27",Hebreus 6:13-20,Lucas 10:1-17
Ímpar,Sétima Semana da Páscoa,Qua,"Salmo 101, 109:1-4(5-19)20-30",Salmo 119:121-144,Ezequiel 11:14-25,Hebreus 7:1-17,Lucas 10:17-24
Ímpar,Sétima Semana da Páscoa,Qui,Salmo 105:1-22,Salmo 105:23-45,"Ezequiel 18:1-4, 19-32",Hebreus 7:18-28,Lucas 10:25-37
Ímpar,Sétima Semana da Páscoa,Sex,Salmo 102,Salmo 107:1-32,Ezequiel 34:17-31,Hebreus 8:1-13,Lucas 10:38-42
Ímpar,Sétima Semana da Páscoa,Sab,"Salmo 107:33-43, 108:1-6(7-13)",Salmo 33,"Ezequiel 43:1-12 / Êxodo 19:3-8a, 16-20",Hebreus 9:1-14 / 1 Pedro 2:4-10,Lucas 11:14-23
Ímpar,Próprio 1,Seg,Salmo 106:1-18,Salmo 106:19-48,Isaías 63:7-14,2 Timóteo 1:1-14,Lucas 11:24-36
Ímpar,Próprio 1,Ter,"Salmo [120], 121, 122, 123","Salmo 124, 125, 126, [127]",Isaías 63:15-64:9,2 Timóteo 1:15-2:13,Lucas 11:37-52
Ímpar,Próprio 1,Qua,Salmo 119:145-176,"Salmo 128, 129, 130",Isaías 65:1-12,2 Timóteo 2:14-26,Lucas 11:53-12:12
Ímpar,Próprio 1,Qui,"Salmo 131, 132, [133]","Salmo 134, 135",Isaías 65:17-25,2 Timóteo 3:1-17,Lucas 12:13-31
Ímpar,Próprio 1,Sex,"Salmo 140, 142","Salmo 141, 143:1-11(12)",Isaías 66:1-6,2 Timóteo 4:1-8,Lucas 12:32-48
Ímpar,Próprio 1,Sab,"Salmo 137:1-6(7-9), 144",Salmo 104,Isaías 66:7-14,2 Timóteo 4:9-22,Lucas 12:49-59
Ímpar,Próprio 2,Seg,"Salmo 1, 2, 3","Salmo 4, 7",Rute 1:1-18,1 Timóteo 1:1-17,Lucas 13:1-9
Ímpar,Próprio 2,Ter,"Salmo 5, 6","Salmo 10, 11",Rute 1:19-2:13,1 Timóteo 1:18-2:8,Lucas 13:10-17
Ímpar,Próprio 2,Qua,Salmo 119:1-24,"Salmo 12, 13, 14",Rute 2:14-23,1 Timóteo 3:1-16,Lucas 13:18-30
Ímpar,Próprio 2,Qui,Salmo 18:1-20,Salmo 18:21-50,Rute 3:1-18,1 Timóteo 4:1-16,Lucas 13:31-35
Ímpar,Próprio 2,Sex,"Salmo 16, 17",Salmo 22,Rute 4:1,1 Timóteo 5:17-22(23-25),Lucas 14:1-11
Ímpar,Próprio 2,Sab,"Salmo 20, 21:1-7(8-14)","Salmo 110:1-5(6-7), 116, 117",Deuteronômio 1:1-8,1 Timóteo 6:6-21,Lucas 14:12-24
Ímpar,Próprio 3,Seg,Salmo 25,"Salmo 9, 15",Deuteronômio 4:9-14,2 Coríntios 1:1-11,Lucas 14:25-35
Ímpar,Próprio 3,Ter,"Salmo 26, 28","Salmo 36, 39",Deuteronômio 4:15-24,2 Coríntios 1:12-22,Lucas 15:1-10
Ímpar,Próprio 3,Qua,Salmo 38,Salmo 119:25-48,Deuteronômio 4:25-31,2 Coríntios 1:23-2:17,"Lucas 15:1-2, 11-32"
Ímpar,Próprio 3,Qui,Salmo 37:1-18,Salmo 37:19-42,Deuteronômio 4:32-40,2 Coríntios 3:1-18,Lucas 16:1-9
Ímpar,Próprio 3,Sex,Salmo 31,Salmo 35,Deuteronômio 5:1-22,2 Coríntios 4:1-12,Lucas 16:10-17(18)
Ímpar,Próprio 3,Sab,"Salmo 30, 32","Salmo 42, 43",Deuteronômio 5:22-33,2 Coríntios 4:13-5:10,Lucas 16:19-31
Ímpar,Próprio 4,Seg,"Salmo 41, 52",Salmo 44,Deuteronômio 11:13-19,2 Coríntios 5:11-6:2,Lucas 17:1-10
Ímpar,Próprio 4,Ter,Salmo 45,"Salmo 47, 48",Deuteronômio 12:1-12,2 Coríntios 6:3-13(14-7:1),Lucas 17:11-19
Ímpar,Próprio 4,Qua,Salmo 119:49-72,"Salmo 49, [53]",Deuteronômio 13:1-11,2 Coríntios 7:2-16,Lucas 17:20-37
Ímpar,Próprio 4,Qui,Salmo 50,"Salmo [59, 60]ou 8, 84","Deuteronômio 16:18-20, 17:14-20",2 Coríntios 8:1-16,Lucas 18:1-8
Ímpar,Próprio 4,Sex,"Salmo 40, 54",Salmo 51,Deuteronômio 26:1-11,2 Coríntios 9:1-15,Lucas 18:9-14
Ímpar,Próprio 4,Sab,Salmo 55,"Salmo 138, 139:1-17(18-23)",Deuteronômio 29:2-15,2 Coríntios 10:1-18,Lucas 18:15-30
Ímpar,Próprio 5,Seg,"Salmo 56, 57, [58]","Salmo 64, 65",Deuteronômio 30:1-10,2 Coríntios 10:1-18,Lucas 18:31-43
Ímpar,Próprio 5,Ter,"Salmo 61, 62",Salmo 68:1-20(21-23)24-36,Deuteronômio 30:11-20,2 Coríntios 11:1-21a,Lucas 19:1-10
Ímpar,Próprio 5,Qua,Salmo 72,Salmo 119:73-96,Deuteronômio 31:30-32:14,2 Coríntios 11:21b-33,Lucas 19:11-27
Ímpar,Próprio 5,Qui,"Salmo [70], 71",Salmo 74,Gênesis 2:18-25,Romanos 12:1-21,Lucas 19:28-40
Ímpar,Próprio 5,Sex,Salmo 69:1-23[24-30]31-38,Salmo 73,Josué 1:1-9,2 Coríntios 12:1-10,Lucas 19:41-48
Ímpar,Próprio 5,Sab,"Salmo 75, 76","Salmo 23, 27",Números 13:17-33,2 Coríntios 13:1-14,Lucas 20:1-8
Ímpar,Próprio 6,Seg,Salmo 80,"Salmo 77, [79]",1 Samuel 1:1-20,Atos 1:1-14,Lucas 20:9-19
Ímpar,Próprio 6,Ter,Salmo 78:1-39,Salmo 78:40-72,1 Samuel 1:21-2:11,Atos 1:15-26,Lucas 20:19-26
Ímpar,Próprio 6,Qua,Salmo 119:97-120,"Salmo 81, 82",1 Samuel 2:12-26,Atos 2:1-21,Lucas 20:27-40
Ímpar,Próprio 6,Qui,Salmo 83]ou 34,"Salmo 85, 86",1 Samuel 2:27-36,Atos 2:22-36,Lucas 20:41-21:4
Ímpar,Próprio 6,Sex,Salmo 88,"Salmo 91, 92",1 Samuel 3:1-21,Atos 2:37-47,Lucas 21:5-19
Ímpar,Próprio 6,Sab,"Salmo 87, 90",Salmo 136,1 Samuel 4:1b-11,Atos 4:32-5:11,Lucas 21:20-28
Ímpar,Próprio 7,Seg,Salmo 89:1-18,Salmo 89:19-52,1 Samuel 5:1-12,Atos 5:12-26,Lucas 21:29-36
Ímpar,Próprio 7,Ter,"Salmo 97, 99, [100]","Salmo 94, [95]",1 Samuel 6:1-16,Atos 5:27-42,Lucas 21:37-22:13
Ímpar,Próprio 7,Qua,"Salmo 101, 109:1-4(5-19)20-30",Salmo 119:121-144,1 Samuel 7:2-17,Atos 6:1-15,Lucas 22:14-23
Ímpar,Próprio 7,Qui,Salmo 105:1-22,Salmo 105:23-45,1 Samuel 8:1-22,Atos 6:15-7:16,Lucas 22:24-30
Ímpar,Próprio 7,Sex,Salmo 102,Salmo 107:1-32,1 Samuel 9:1-14,Atos 7:17-29,Lucas 22:31-38
Ímpar,Próprio 7,Sab,"Salmo 107:33-43, 108:1-6(7-13)",Salmo 33,1 Samuel 9:15-10:1,Atos 7:30-43,Lucas 22:39-51
Ímpar,Próprio 8,Seg,Salmo 106:1-18,Salmo 106:19-48,1 Samuel 10:17-27,Atos 8:1-13,Lucas 22:52-62
Ímpar,Próprio 8,Ter,"Salmo [120], 121, 122, 123","Salmo 124, 125, 126, [127]",1 Samuel 11:1-15,Atos 8:14-25,Lucas 22:63-71
Ímpar,Próprio 8,Qua,Salmo 119:145-176,"Salmo 128, 129, 130","1 Samuel 12:1-6, 16-25",Atos 8:26-40,Lucas 23:1-12
Ímpar,Próprio 8,Qui,"Salmo 131, 132, [133]","Salmo 134, 135",1 Samuel 13:5-18,Atos 9:1-9,Lucas 23:13-25
Ímpar,Próprio 8,Sex,"Salmo 140, 142","Salmo 141, 143:1-11(12)",1 Samuel 13:19-14:15,Atos 9:10-19a,Lucas 23:26-31
Ímpar,Próprio 8,Sab,"Salmo 137:1-6(7-9), 144",Salmo 104,1 Samuel 14:16-30,Atos 9:10-19a,Lucas 23:32-43
Ímpar,Próprio 9,Seg,"Salmo 1, 2, 3","Salmo 4, 7","1 Samuel 15:1-3, 7-23",Atos 9:19b-31,Lucas 23:44-56a
Ímpar,Próprio 9,Ter,"Salmo 5, 6","Salmo 10, 11",1 Samuel 15:24-35,Atos 9:32-43,Lucas 23:56b-24:11
Ímpar,Próprio 9,Qua,Salmo 119:1-24,"Salmo 12, 13, 14",1 Samuel 16:1-13,Atos 10:1-16,Lucas 24:12-35
Ímpar,Próprio 9,Qui,Salmo 18:1-20,Salmo 18:21-50,1 Samuel 16:14-17:11,Atos 10:17-33,Marcos 1:1-13
Ímpar,Próprio 9,Sex,"Salmo 16, 17",Salmo 22,1 Samuel 17:17-30,Atos 10:34-48,Marcos 1:14-28
Ímpar,Próprio 9,Sab,"Salmo 20, 21:1-7(8-14)","Salmo 110:1-5(6-7), 116, 117",1 Samuel 17:31-49,Atos 11:1-18,Marcos 1:14-28
Ímpar,Próprio 10,Seg,Salmo 25,"Salmo 9, 15","1 Samuel 18:5-16, 27b-30",Atos 11:19-30,Marcos 1:29-45
Ímpar,Próprio 10,Ter,"Salmo 26, 28","Salmo 36, 39",1 Samuel 19:1-18,Atos 12:1-17,Marcos 2:1-12
Ímpar,Próprio 10,Qua,Salmo 38,Salmo 119:25-48,1 Samuel 20:1-23,Atos 12:18-25,Marcos 2:13-22
Ímpar,Próprio 10,Qui,Salmo 37:1-18,Salmo 37:19-42,1 Samuel 20:24-42,Atos 13:1-12,Marcos 2:23-3:6
Ímpar,Próprio 10,Sex,Salmo 31,Salmo 35,1 Samuel 21:1-15,Atos 13:13-25,Marcos 3:7-19a
Ímpar,Próprio 10,Sab,"Salmo 30, 32","Salmo 42, 43",1 Samuel 22:1-23,Atos 13:26-43,Marcos 3:19b-35
Ímpar,Próprio 11,Seg,"Salmo 41, 52",Salmo 44,1 Samuel 24:1-22,Atos 14:1-18,Marcos 4:1-20
Ímpar,Próprio 11,Ter,Salmo 45,"Salmo 47, 48",1 Samuel 25:1-22,Atos 14:19-28,Marcos 4:21-34
Ímpar,Próprio 11,Qua,Salmo 119:49-72,"Salmo 49, [53]",1 Samuel 25:23-44,Atos 15:1-11,Marcos 4:35-41
Ímpar,Próprio 11,Qui,Salmo 50,"Salmo [59, 60]ou 66, 67",1 Samuel 28:3-20,Atos 15:12-21,Marcos 5:1-20
Ímpar,Próprio 11,Sex,"Salmo 40, 54",Salmo 51,2 Samuel 1:1-16,Atos 15:22-35,Marcos 5:21-43
Ímpar,Próprio 11,Sab,Salmo 55,"Salmo 138, 139:1-17(18-23)",2 Samuel 1:17-27,Atos 15:36-16:5,Marcos 6:1-13
Ímpar,Próprio 12,Seg,"Salmo 56, 57, [58]","Salmo 64, 65",2 Samuel 2:1-11,Atos 15:36-16:5,Marcos 6:14-29
Ímpar,Próprio 12,Ter,"Salmo 61, 62",Salmo 68:1-20(21-23)24-36,2 Samuel 3:6-21,Atos 16:6-15,Marcos 6:30-46
Ímpar,Próprio 12,Qua,Salmo 72,Salmo 119:73-96,2 Samuel 3:22-39,2 Samuel 5:1-12,Marcos 6:47-56
Ímpar,Próprio 12,Qui,"Salmo [70], 71",Salmo 74,2 Samuel 4:1-12,Atos 17:1-15,Marcos 7:1-23
Ímpar,Próprio 12,Sex,Salmo 69:1-23[24-30]31-38,Salmo 73,2 Samuel 5:1-12,Atos 17:16-34,Marcos 7:24-37
Ímpar,Próprio 12,Sab,"Salmo 75, 76","Salmo 23, 27",2 Samuel 5:22-6:11,Atos 17:16-34,Marcos 8:1-10
Ímpar,Próprio 13,Seg,Salmo 80,"Salmo 77, [79]",2 Samuel 7:1-17,Atos 18:1-11,Marcos 8:11-21
Ímpar,Próprio 13,Ter,Salmo 78:1-39,Salmo 78:40-72,2 Samuel 7:18-29,Atos 18:12-28,Marcos 8:22-33
Ímpar,Próprio 13,Qua,Salmo 119:97-120,"Salmo 81, 82",2 Samuel 9:1-13,Atos 19:1-10,Marcos 8:34-9:1
Ímpar,Próprio 13,Qui,Salmo [83]ou 145,"Salmo 85, 86",2 Samuel 11:1-27,Atos 19:11-20,Marcos 9:2-13
Ímpar,Próprio 13,Sex,Salmo 88,"Salmo 91, 92",2 Samuel 12:1-14,Atos 19:21-41,Marcos 9:14-29
Ímpar,Próprio 13,Sab,"Salmo 87, 90",Salmo 136,2 Samuel 12:15-31,Atos 20:1-16,Marcos 9:30-41
Ímpar,Próprio 14,Seg,Salmo 89:1-18,Salmo 89:19-52,2 Samuel 13:23-39,Atos 20:17-38,Marcos 9:42-50
Ímpar,Próprio 14,Ter,"Salmo 97, 99, [100]","Salmo 94, [95]",2 Samuel 14:1-20,Atos 21:1-14,Marcos 10:1-16
Ímpar,Próprio 14,Qua,"Salmo 101, 109:1-4(5-19)20-30",Salmo 119:121-144,2 Samuel 14:21-33,Atos 21:15-26,Marcos 10:17-31
Ímpar,Próprio 14,Qui,Salmo 105:1-22,Salmo 105:23-45,2 Samuel 15:1-18,Atos 21:37-22:16,Marcos 10:32-45
Ímpar,Próprio 14,Sex,Salmo 102,Salmo 107:1-32,2 Samuel 15:19-37,Atos 22:17-29,Marcos 10:46-52
Ímpar,Próprio 14,Sab,"Salmo 107:33-43, 108:1-6(7-13)",Salmo 33,2 Samuel 16:1-23,Atos 23:12-24,Marcos 11:1-11
Ímpar,Próprio 15,Seg,Salmo 106:1-18,Salmo 106:19-48,2 Samuel 17:24-18:8,Atos 23:23-35,Marcos 11:12-26
Ímpar,Próprio 15,Ter,"Salmo [120], 121, 122, 123","Salmo 124, 125, 126, [127]",2 Samuel 18:9-18,Atos 23:12-24,Marcos 11:27-12:12
Ímpar,Próprio 15,Qua,Salmo 119:145-176,"Salmo 128, 129, 130",2 Samuel 18:19-23,Atos 23:23-35,Marcos 12:13-27
Ímpar,Próprio 15,Qui,"Salmo 131, 132, [133]","Salmo 134, 135",2 Samuel 19:1-23,Atos 24:1-23,Marcos 12:28-34
Ímpar,Próprio 15,Sex,"Salmo 140, 142","Salmo 141, 143:1-11(12)",2 Samuel 19:24-43,Atos 24:24-25:12,Marcos 12:35-44
Ímpar,Próprio 15,Sab,"Salmo 137:1-6(7-9), 144",Salmo 104,"2 Samuel 23:1-17, [13-17]",Atos 25:13-27,Marcos 13:1-13
Ímpar,Próprio 16,Seg,"Salmo 1, 2, 3","Salmo 4, 7",1 Reis 1:5-31,Atos 26:1-23,Atos 27:9-26
Ímpar,Próprio 16,Ter,"Salmo 5, 6","Salmo 10, 11",1 Reis 1:38-2:4,Atos 26:24-27:8,Marcos 13:28-37
Ímpar,Próprio 16,Qua,Salmo 119:1-24,"Salmo 12, 13, 14",1 Reis 3:1-15,Atos 27:9-26,Marcos 14:1-11
Ímpar,Próprio 16,Qui,Salmo 18:1-20,Salmo 18:21-50,1 Reis 3:16-28,Atos 27:27-44,Marcos 14:12-26
Ímpar,Próprio 16,Sex,"Salmo 16, 17",Salmo 22,"1 Reis 5:1-6:1, 7",Atos 28:1-16,Marcos 14:27-42
Ímpar,Próprio 16,Sab,"Salmo 20, 21:1-7(8-14)","Salmo 110:1-5(6-7), 116, 117",1 Reis 7:51-8:21,Atos 28:17-31,Marcos 14:43-52
Ímpar,Próprio 17,Seg,Salmo 25,"Salmo 9, 15",2 Crônicas 6:32-7:7,Tiago 2:1-13,Marcos 14:53-65
Ímpar,Próprio 17,Ter,"Salmo 26, 28","Salmo 36, 39",1 Reis 8:65-9:9,Tiago 2:14-26,Marcos 14:66-72
Ímpar,Próprio 17,Qua,Salmo 38,Salmo 119:25-48,1 Reis 9:24-10:13,Tiago 3:1-12,Marcos 15:1-11
Ímpar,Próprio 17,Qui,Salmo 37:1-18,Salmo 37:19-42,1 Reis 11:1-13,Tiago 3:13-4:12,Marcos 15:12-21
Ímpar,Próprio 17,Sex,Salmo 31,Salmo 35,1 Reis 11:26-43,Tiago 4:13-5:6,Marcos 15:22-32
Ímpar,Próprio 17,Sab,"Salmo 30, 32","Salmo 42, 43",1 Reis 12:1-20,"Tiago 5:7-12, 19-20",Marcos 15:33-39
Ímpar,Próprio 18,Seg,"Salmo 41, 52",Salmo 44,1 Reis 13:1-10,Filipenses 1:1-11,Marcos 15:40-47
Ímpar,Próprio 18,Ter,Salmo 45,"Salmo 47, 48",1 Reis 16:23-34,Filipenses 1:12-30,Marcos 16:1-8(9-20)
Ímpar,Próprio 18,Qua,Salmo 119:49-72,"Salmo 49, [53]",1 Reis 17:1-24,Filipenses 2:1-11,Mateus 2:1-12
Ímpar,Próprio 18,Qui,Salmo 50,"Salmo [59, 60]ou 93, 96",1 Reis 18:1-19,Filipenses 2:12-30,Filipenses 3:1-16
Ímpar,Próprio 18,Sex,"Salmo 40, 54",Salmo 51,1 Reis 18:20-40,Filipenses 3:1-16,Mateus 3:1-12
Ímpar,Próprio 18,Sab,Salmo 55,"Salmo 138, 139:1-17(18-23)",1 Reis 18:41-19:8,Filipenses 3:17-4:7,Mateus 3:13-17
Ímpar,Próprio 19,Seg,"Salmo 56, 57, [58]","Salmo 64, 65",1 Reis 21:1-16,1 Coríntios 1:1-19,Mateus 4:1-11
Ímpar,Próprio 19,Ter,"Salmo 61, 62",Salmo 68:1-20(21-23)24-36,1 Reis 21:17-29,1 Coríntios 1:20-31,Mateus 4:12-17
Ímpar,Próprio 19,Qua,Salmo 72,Salmo 119:73-96,1 Reis 22:1-28,1 Coríntios 2:1-13,Mateus 4:18-25
Ímpar,Próprio 19,Qui,"Salmo [70], 71",Salmo 74,1 Reis 22:29-45,1 Coríntios 2:14-3:15,Mateus 5:1-10
Ímpar,Próprio 19,Sex,Salmo 69:1-23[24-30]31-38,Salmo 73,2 Reis 1:2-17,1 Coríntios 3:16-23,Mateus 5:11-16
Ímpar,Próprio 19,Sab,"Salmo 75, 76","Salmo 23, 27",2 Reis 2:1-18,1 Coríntios 4:1-7,Mateus 5:17-20
Ímpar,Próprio 20,Seg,Salmo 80,"Salmo 77, [79]",2 Reis 5:1-19,1 Coríntios 4:8-21,Mateus 5:21-26
Ímpar,Próprio 20,Ter,Salmo 78:1-39,Salmo 78:40-72,2 Reis 5:19-27,1 Coríntios 5:1-8,Mateus 5:27-37
Ímpar,Próprio 20,Qua,Salmo 119:97-120,"Salmo 81, 82",2 Reis 6:1-23,1 Coríntios 5:9-6:8,Mateus 5:38-48
Ímpar,Próprio 20,Qui,"Salmo [83]ou 146, 147","Salmo 85, 86",2 Reis 9:1-16,1 Coríntios 6:12-20,"Mateus 6:1-6, 16-18"
Ímpar,Próprio 20,Sex,Salmo 88,"Salmo 91, 92",2 Reis 9:17-37,1 Coríntios 7:1-9,Mateus 6:7-15
Ímpar,Próprio 20,Sab,"Salmo 87, 90",Salmo 136,2 Reis 11:1-20a,1 Coríntios 7:10-24,Mateus 6:19-24
Ímpar,Próprio 21,Seg,Salmo 89:1-18,Salmo 89:19-52,2 Reis 17:24-41,1 Coríntios 7:25-31,Mateus 6:25-34
Ímpar,Próprio 21,Ter,"Salmo 97, 99, [100]","Salmo 94, [95]","2 Crônicas 29:1-3, 30:1(2-9)10-27",2 Reis 18:9-25,1 Coríntios 8:1-13
Ímpar,Próprio 21,Qua,"Salmo 101, 109:1-4(5-19)20-30",Salmo 119:121-144,1 Coríntios 7:32-40,Mateus 7:1-12,Mateus 7:13-21
Ímpar,Próprio 21,Qui,Salmo 105:1-22,Salmo 105:23-45,2 Reis 18:28-37,1 Coríntios 9:1-15,Mateus 7:22-29
Ímpar,Próprio 21,Sex,Salmo 102,Salmo 107:1-32,2 Reis 19:1-20,1 Coríntios 9:16-27,Mateus 8:1-17
Ímpar,Próprio 21,Sab,"Salmo 107:33-43, 108:1-6(7-13)",Salmo 33,2 Reis 19:21-36,1 Coríntios 10:1-13,Mateus 8:18-27
Ímpar,Próprio 22,Seg,Salmo 106:1-18,Salmo 106:19-48,2 Reis 21:1-18,1 Coríntios 10:14-11:1,Mateus 8:28-34
Ímpar,Próprio 22,Ter,"Salmo [120], 121, 122, 123","Salmo 124, 125, 126, [127]",2 Reis 22:1-13,"1 Coríntios 11:2, 17-22",Mateus 9:1-8
Ímpar,Próprio 22,Qua,Salmo 119:145-176,"Salmo 128, 129, 130",2 Reis 23:4-25,1 Coríntios 11:23-34,Mateus 9:9-17
Ímpar,Próprio 22,Qui,"Salmo 131, 132, [133]","Salmo 134, 135",2 Reis 23:36-24:17,1 Coríntios 12:1-11,Mateus 9:18-26
Ímpar,Próprio 22,Sex,"Salmo 140, 142","Salmo 141, 143:1-11(12)",Jeremias 35:1-19,1 Coríntios 12:12-26,Mateus 9:27-34
Ímpar,Próprio 22,Sab,"Salmo 137:1-6(7-9), 144",Salmo 104,Jeremias 36:1-10,1 Coríntios 12:27-13:3,Mateus 9:35-10:4
Ímpar,Próprio 23,Seg,"Salmo 1, 2, 3","Salmo 4, 7",Jeremias 36:11-26,1 Coríntios 13:(1-3)4-13,Mateus 10:5-15
Ímpar,Próprio 23,Ter,"Salmo 5, 6","Salmo 10, 11",Jeremias 36:27-37:2,1 Coríntios 14:1-12,Mateus 10:16-23
Ímpar,Próprio 23,Qua,Salmo 119:1-24,"Salmo 12, 13, 14",Jeremias 37:3-21,1 Coríntios 14:13-25,Mateus 10:24-33
Ímpar,Próprio 23,Qui,Salmo 18:1-20,Salmo 18:21-50,Jeremias 38:1-13,"1 Coríntios 14:26-33a, 37-40",Mateus 10:34-42
Ímpar,Próprio 23,Sex,"Salmo 16, 17Salmo 22",Salmo 22,Jeremias 38:14-28,1 Coríntios 15:1-11,Mateus 11:1-6
Ímpar,Próprio 23,Sab,"Salmo 20, 21:1-7(8-14)","Salmo 110:1-5(6-7), 116, 117","2 Reis 25:8-12, 22-26",1 Coríntios 15:12-29,Mateus 11:7-15
Ímpar,Próprio 24,Seg,Salmo 25,"Salmo 9, 15",Jeremias 44:1-14,1 Coríntios 15:30-41,Mateus 11:16-24
Ímpar,Próprio 24,Ter,"Salmo 26, 28","Salmo 36, 39",Lamentações 1:1-5(6-9)10-12,1 Coríntios 15:41-50,Mateus 11:25-30
Ímpar,Próprio 24,Qua,Salmo 38,Salmo 119:25-48,Lamentações 2:8-15,1 Coríntios 15:51-58,Mateus 12:1-14
Ímpar,Próprio 24,Qui,Salmo 37:1-18,Salmo 37:19-42,Esdras 1:1-11,1 Coríntios 16:1-9,Mateus 12:15-21
Ímpar,Próprio 24,Sex,Salmo 31,Salmo 35,Esdras 3:1-13,1 Coríntios 16:10-24,Mateus 12:22-32
Ímpar,Próprio 24,Sab,"Salmo 30, 32","Salmo 42, 43","Esdras 4:7, 11-24",Filemon 1-25,Mateus 12:33-42
Ímpar,Próprio 25,Seg,"Salmo 41, 52",Salmo 44,Zacarias 1:7-17,Apocalipse 1:4-20,Mateus 12:43-50
Ímpar,Próprio 25,Ter,Salmo 45,"Salmo 47, 48",Esdras 5:1-17,Apocalipse 4:1-11,Mateus 13:1-9
Ímpar,Próprio 25,Qua,Salmo 119:49-72,"Salmo 49, Salmo 50",Provérbios 23:29-35,Apocalipse 5:1-14,Neemias 1:1-11
Ímpar,Próprio 25,Qui,Salmo 50,"Salmo [59, 60]ou 103",Provérbios 16:1-7,Apocalipse 6:12-7:4,Neemias 4:1-23
Ímpar,Próprio 25,Sex,"Salmo 40, 54",Salmo 51,Neemias 2:1-20,Apocalipse 7:(4-8)9-17,Mateus 13:24-30
Ímpar,Próprio 25,Sab,Salmo 55,"Salmo 138, 139:1-17(18-23)",Neemias 4:1-23,Apocalipse 7:(4-8)9-17,Mateus 13:31-35
Ímpar,Próprio 26,Seg,"Salmo 56-57, [58]","Salmo 64, 65",Neemias 6:1-19,Apocalipse 10:1-11,Mateus 13:36-43
Ímpar,Próprio 26,Ter,"Salmo 61, 62",Salmo 68:1-20(21-23)24-36,"Neemias 12:27-31a, 42b-47",Apocalipse 11:1-19,Mateus 13:44-52
Ímpar,Próprio 26,Qua,Salmo 72,Salmo 119:73-96,Esdras 7:(1-10)11-26,Apocalipse 12:1-12,Mateus 13:53-58
Ímpar,Próprio 26,Qui,"Salmo [70], 71",Salmo 74,"Esdras 7:27-28, 8:21-36",Apocalipse 14:1-13,Mateus 14:1-12
Ímpar,Próprio 26,Sex,Salmo 69:1-23[24-30]31-38,Salmo 73,Esdras 9:1-15,Apocalipse 14:14-15:8,Mateus 14:13-21
Ímpar,Próprio 26,Sab,"Salmo 75, 76","Salmo 23, 27",Esdras 10:1-17,Apocalipse 17:1-14,Mateus 14:22-36
Ímpar,Próprio 27,Seg,Salmo 80,"Salmo 77, [79]",Neemias 9:1-15(16-25),Apocalipse 18:1-8,Mateus 15:1-20
Ímpar,Próprio 27,Ter,Salmo 78:1-39,Salmo 78:40-72,Neemias 9:26-38,Apocalipse 18:9-20,Mateus 15:21-28
Ímpar,Próprio 27,Qua,Salmo 119:97-120,"Salmo 81, 82","Neemias 7:73b-8:3, 5-18",Apocalipse 18:21-24,Mateus 15:29-39
Ímpar,Próprio 27,Qui,"Salmo [83], 23, 27","Salmo 85, 86",Juízes 2:1-15,Ester 3:7-13,Apocalipse 19:1-10
Ímpar,Próprio 27,Sex,Salmo 88,"Salmo 91, 92",Neemias 9:1-15(16-25),Apocalipse 19:11-16,Mateus 16:1-12
Ímpar,Próprio 27,Sab,"Salmo 87, 90",Salmo 136,1 Samuel 16:1-13,Apocalipse 20:1-6,Marcos 16:21-28
Ímpar,Próprio 28,Seg,Salmo 89:1-18,Salmo 89:19-52,Habacuque 1:12—2:1,Apocalipse 20:7-15,Mateus 17:1-13
Ímpar,Próprio 28,Ter,"Salmo 97, 99, [100]","Salmo 94, [95]",Habacuque 3:1-10 11-18,Apocalipse 21:1-8,Mateus 17:14-21
Ímpar,Próprio 28,Qua,"Salmo 101, 109:1-4(5-19)20-30",Salmo 119:121-144,Habacuque 3:11-18,Apocalipse 21:9-21,Mateus 17:22-27
Ímpar,Próprio 28,Qui,Salmo 105:1-22,Salmo 105:23-45,Josué 6:1-21,Apocalipse 21:22-22:5,Mateus 18:1-9
Ímpar,Próprio 28,Sex,Salmo 102,Salmo 107:1-32,Josué 6:22-25,Apocalipse 22:6-13,Mateus 18:10-20
Ímpar,Próprio 28,Sab,"Salmo 107:33-43, 108:1-6(7-13)",Salmo 33,Isaías 65:17-25,Apocalipse 22:14-21,Mateus 18:21-35
Ímpar,Próprio 29,Seg,Salmo 106:1-18,Salmo 106:19-48,"Joel 3:1-2, 9-17",1 Pedro 1:1-12,Mateus 19:1-12
Ímpar,Próprio 29,Ter,"Salmo [120], 121, 122, 123","Salmo 124, 125, 126, [127]",Naum 1:1-13,1 Pedro 1:13-25,Mateus 19:13-22
Ímpar,Próprio 29,Qua,Salmo 119:145-176,"Salmo 128, 129, 130",Obadias 1:15-21,1 Pedro 2:1-10,Mateus 19:23-30
Ímpar,Próprio 29,Qui,"Salmo 131, 132, [133]","Salmo 134, 135",Sofonias 3:1-13,1 Pedro 2:11-25,Mateus 20:1-16
Ímpar,Próprio 29,Sex,"Salmo 140, 142","Salmo 141, 143:1-11(12)",Isaías 24:14-23,1 Pedro 3:13-4:6,Mateus 20:17-28
Ímpar,Próprio 29,Sab,"Salmo 137:1-6(7-9), 144",Salmo 104,Miquéias 7:11-20,1 Pedro 4:7-19,Mateus 20:29-34
Par,Primeira Semana do Advento,Seg,"Salmo 1, 2, 3","Salmo 4, 7",Amós 2:6-16,2 Pedro 1:1-11,Mateus 21:1-11
Par,Primeira Semana do Advento,Ter,"Salmo 5, 6","Salmo 10, 11",Amós 3:1-11,2 Pedro 1:12-21,Mateus 21:12-22
Par,Primeira Semana do Advento,Qua,Salmo 119:1-24,"Salmo 12, 13, 14",Amós 3:12-4:5,2 Pedro 3:1-10,Mateus 21:23-32
Par,Primeira Semana do Advento,Qui,Salmo 18:1-20,Salmo 18:21-50,Amós 4:6-13,2 Pedro 3:11-18,Mateus 21:33-46
Par,Primeira Semana do Advento,Sex,"Salmo 16, 17",Salmo 22,Amós 5:1-17,Judas 1-16,Mateus 22:1-14
Par,Primeira Semana do Advento,Sab,"Salmo 20, 21:1-7(8-14)","Salmo 110:1-5(6-7), 116, 117",Amós 5:18-27,Judas 17-25,Mateus 22:15-22
Par,Segunda Semana do Advento,Seg,Salmo 25,"Salmo 9, 15",Amós 7:1-9,Apocalipse 1:1-8,Mateus 22:23-33
Par,Segunda Semana do Advento,Ter,"Salmo 26, 28","Salmo 36, 39",Amós 7:10-17,Apocalipse 1:9-16,Mateus 22:34-46
Par,Segunda Semana do Advento,Qua,Salmo 38,Salmo 119:25-48,Amós 8:1-14,Apocalipse 1:17-2:7,Mateus 23:1-12
Par,Segunda Semana do Advento,Qui,Salmo 37:1-18,Salmo 37:19-42,Amós 9:1-10,Apocalipse 2:8-17,Mateus 23:13-26
Par,Segunda Semana do Advento,Sex,Salmo 31,Salmo 35,Ageu 1:1-15,Apocalipse 2:18-29,Mateus 23:27-39
Par,Segunda Semana do Advento,Sab,"Salmo 30, 32","Salmo 42, 43",Ageu 2:1-19,Apocalipse 3:1-6,Mateus 24:1-14
Par,Terceira Semana do Advento,Seg,"Salmo 41, 52",Salmo 44,Zacarias 1:7-17,Apocalipse 3:7-13,Mateus 24:15-31
Par,Terceira Semana do Advento,Ter,Salmo 45,"Salmo 47, 48",Zacarias 2:1-13,Apocalipse 3:14-22,Mateus 24:32-44
Par,Terceira Semana do Advento,Qua,Salmo 119:49-72,"Salmo 49, [53]",Zacarias 3:1-10,Apocalipse 4:1-8,Mateus 24:45-51
Par,Terceira Semana do Advento,Qui,Salmo 50,"Salmo [59, 60] ou 33",Zacarias 4:1-14,Apocalipse 4:9-5:5,Mateus 25:1-13
Par,Terceira Semana do Advento,Sex,"Salmo 40, 54",Salmo 51,Zacarias 7:8-8:8,Apocalipse 5:6-14,Mateus 25:14-30
Par,Terceira Semana do Advento,Sab,Salmo 55,"Salmo 138, 139:1-17(18-23)",Zacarias 8:9-17,Apocalipse 6:1-17,Mateus 25:31-46
Par,Quarta Semana do Advento,Seg,"Salmo 61, 62","Salmo 112, 115",Sofonias 3:14-20,Tito 1:1-16,Lucas 1:1-25
Par,Quarta Semana do Advento,Ter,"Salmo 66, 67","Salmo 116, 117",1 Samuel 2:1b-10,Tito 2:1-10,Lucas 1:26-38
Par,Quarta Semana do Advento,Qua,Salmo 72,"Salmo 111, 113",2 Samuel 7:1-17,Tito 2:11-3:8a,Lucas 1:39-48a(48b-56)
Par,Quarta Semana do Advento,Qui,Salmo 80,"Salmo 146, 147",2 Samuel 7:18-29,Gálatas 3:1-14,Lucas 1:57-66
Par,Quarta Semana do Advento,Sex,"Salmo 93, 96","Salmo 148, 150",Isaías 40:1-11,Gálatas 3:15-22,Lucas 1:67-80 ou Mateus 1:1-17
Par,Quarta Semana do Advento,24 Dez,"Salmo 45, 46",Salmo 89:1-29,Isaías 35:1-10,Gálatas 3:23-4:7,Mateus 1:18-25
Par,Dia de Natal,25 Dez,"Salmo 2, 85","Salmo 110:1-5(6-7), 132","Miquéias 4:1-5, 5:2-4",1 João 4:7-16,João 3:31-36
Par,Primeira Semana do Natal,29 Dez,Salmo 18:1-20,Salmo 18:21-50,2 Samuel 23:13-17b,2 João 1-13,João 2:1-11
Par,Primeira Semana do Natal,30 Dez,"Salmo 20, 21:1-7(8-14)","Salmo 23, 27",1 Reis 17:17-24,3 João 1-15,João 4:46-54
Par,Primeira Semana do Natal,31 Dez,"Salmo 46, 48",Salmo 90,1 Reis 3:5-14 / Isaías 65:15b-25,"Tiago 4:13-17, 5:7-11 / Apocalipse 21:1-6",João 5:1-15
Par,Primeiro Domingo depois do Natal,Seg,"Salmo 93, 96",Salmo 34,"1 Samuel 1:1-2, 7b-28",Colossenses 1:9-20,Lucas 2:22-40
Par,Segunda Semana do Natal,2 Jan,Salmo 34,Salmo 33,1 Reis 19:1-8,Efésios 4:1-16,João 6:1-14
Par,Segunda Semana do Natal,3 Jan,Salmo 68,Salmo 72,1 Reis 19:9-18,Efésios 4:17-32,João 6:15-27
Par,Segunda Semana do Natal,4 Jan,"Salmo 85, 87",Salmo 89:1-29,Josué 3:14-4:7,Efésios 5:1-20,"João 9:1-12, 35-38"
Par,Segunda Semana do Natal,5 Jan,"Salmo 2, 110:1-5(6-7)","",Jonas 2:2-9,Efésios 6:10-20,"João 11:17-27, 38-44"
Par,Santo Nome de Jesus,1 Jan,Salmo 103,Salmo 148,"Gênesis 17:1-12a, 15-16",Colossenses 2:6-12,João 16:23b-30
Par,Tempo da Epifania,7 Jan,Salmo 103,"Salmo 114, 115",Deuteronômio 8:1-3,Colossenses 1:1-14,"João 6:30-33, 48-51"
Par,Tempo da Epifania,8 Jan,"Salmo 117, 118","Salmo 112, 113",Êxodo 17:1-7,Colossenses 1:15-23,João 7:37-52
Par,Tempo da Epifania,9 Jan,"Salmo 121, 122, 123","Salmo 131, 132",Isaías 45:14-19,Colossenses 1:24-2:7,João 8:12-19
Par,Tempo da Epifania,10 Jan,"Salmo 138, 139:1-17(18-23)",Salmo 147,Jeremias 23:1-8,Colossenses 3:1-17,João 10:7-17
Par,Tempo da Epifania,11 Jan,"Salmo 148, 150","Salmo 91, 92",Isaías 55:3-9,"Colossenses 3:18-4:6/Gálatas 3:23-29, 4:4-7",João 15:1-16
Par,Tempo da Epifania,12 Jan,"Salmo 98, 99(100)",Salmo 104,"Gênesis 49:1-2, 8-12/ Isaías 61:1-9","Colossenses 3:18-4:6/Gálatas 3:23-29, 4:4-7",João 15:1-16
Par,Primeira Semana da Epifania,Seg,"Salmo 1, 2, 3","Salmo 4, 7",Gênesis 2:4-9(10-15)16-25,Hebreus 1:1-14,João 1:1-18
Par,Primeira Semana da Epifania,Ter,"Salmo 5, 6","Salmo 10, 11",Gênesis 3:1-24,Hebreus 2:1-10,João 1:19-28
Par,Primeira Semana da Epifania,Qua,Salmo 119:1-24,"Salmo 12, 13, 14",Gênesis 4:1-16,Hebreus 2:11-18,João 1:(29-34)35-42
Par,Primeira Semana da Epifania,Qui,Salmo 18:1-20,Salmo 18:21-50,Gênesis 4:17-26,Hebreus 3:1-11,João 1:43-51
Par,Primeira Semana da Epifania,Sex,"Salmo 16, 17",Salmo 22,Gênesis 6:1-8,Hebreus 3:12-19,João 2:1-12
Par,Primeira Semana da Epifania,Sab,"Salmo 20, 21:1-7(8-14)","Salmo 110:1-5(6-7), 116, 117",Gênesis 6:9-22,Hebreus 4:1-13,João 2:13-22
Par,Segunda Semana da Epifania,Seg,Salmo 25,"Salmo 9, 15",Gênesis 8:6-22,Hebreus 4:14-5:6,João 2:23-3:15
Par,Segunda Semana da Epifania,Ter,"Salmo 26, 28","Salmo 36, 39",Gênesis 9:1-17,Hebreus 5:7-14,João 3:16-21
Par,Segunda Semana da Epifania,Qua,Salmo 38,Salmo 119:25-48,Gênesis 9:18-29,Hebreus 6:1-12,João 3:22-36
Par,Segunda Semana da Epifania,Qui,Salmo 37:1-18,Salmo 37:19-4,Gênesis 11:1-9,Hebreus 6:13-20,João 4:1-15
Par,Segunda Semana da Epifania,Sex,Salmo 31,Salmo 35,Gênesis 11:27-12:8,Hebreus 7:1-17,João 4:16-26
Par,Segunda Semana da Epifania,Sab,"Salmo 30, 32","Salmo 42, 43",Gênesis 12:9-13:1,Hebreus 7:18-28,João 4:27-42
Par,Terceira Semana da Epifania,Seg,"Salmo 41, 52",Salmo 44,Gênesis 14:(1-7)8-24,Hebreus 8:1-13,João 4:43-54
Par,Terceira Semana da Epifania,Ter,Salmo 45,"Salmo 47, 48","Gênesis 15:1-11, 17-21",Hebreus 9:1-14,João 5:1-18
Par,Terceira Semana da Epifania,Qua,Salmo 119:49-72,"Salmo 49, [53]",Gênesis 16:1-14,Hebreus 9:15-28,João 5:19-29
Par,Terceira Semana da Epifania,Qui,Salmo 50,"Salmo [59, 60]ou 118",Gênesis 16:15-17:14,Hebreus 10:1-10,João 5:30-47
Par,Terceira Semana da Epifania,Sex,"Salmo 40, 54",Salmo 51,Gênesis 17:15-27,Hebreus 10:11-25,João 6:1-15
Par,Terceira Semana da Epifania,Sab,Salmo 55,"Salmo 138, 139:1-17(18-23)",Gênesis 18:1-16,Hebreus 10:26-39,João 6:16-27
Par,Quarta Semana da Epifania,Seg,"Salmo 56, 57, [58]","Salmo 64, 65",Gênesis 19:1-17(18-23)24-29,Hebreus 11:1-12,João 6:27-40
Par,Quarta Semana da Epifania,Ter,"Salmo 61, 62",Salmo 68:1-20(21-23)24-36,Gênesis 21:1-21,Hebreus 11:13-22,João 6:41-51
Par,Quarta Semana da Epifania,Qua,Salmo 72,Salmo 119:73-96,Gênesis 22:1-18,Hebreus 11:23-31,João 6:52-59
Par,Quarta Semana da Epifania,Qui,"Salmo [70], 71",Salmo 74,Gênesis 23:1-20,Hebreus 12:1-2,João 7:1-13
Par,Quarta Semana da Epifania,Sex,Salmo 69:1-23[24-30]31-38,Salmo 73,Gênesis 24:1-27,Hebreus 12:3-11,João 7:14-36
Par,Quarta Semana da Epifania,Sab,"Salmo 75, 76","Salmo 23, 27","Gênesis 24:28-38, 49-51",Hebreus 12:12-29,João 7:14-36
Par,Quinta Semana da Epifania,Seg,Salmo 80,"Salmo 77, [79]",Gênesis 25:19-34,Hebreus 13:1-16,João 7:37-52
Par,Quinta Semana da Epifania,Ter,Salmo 78:1-39,Salmo 78:40-72,"Gênesis 26:1-6, 12-33",Hebreus 13:17-25,João 7:53-8:11
Par,Quinta Semana da Epifania,Qua,Salmo 119:97-120,"Salmo 81, 82",Gênesis 27:1-29,Romanos 12:1-8,João 8:12-20
Par,Quinta Semana da Epifania,Qui,"Salmo [83]ou 146, 147","Salmo 85, 86",Gênesis 27:30-45,Romanos 12:9-21,João 8:21-32
Par,Quinta Semana da Epifania,Sex,Salmo 88,"Salmo 91, 92","Gênesis 27:46-28:4, 10-22",Romanos 13:1-14,João 8:33-47
Par,Quinta Semana da Epifania,Sab,"Salmo 87, 90",Salmo 136,Gênesis 29:1-20,Romanos 14:1-23,João 8:47-59
Par,Sexta Semana da Epifania,Seg,Salmo 89:1-18,Salmo 89:19-52,Gênesis 30:1-24,1 João 1:1-10,João 9:1-17
Par,Sexta Semana da Epifania,Ter,"Salmo 97, 99, [100]","Salmo 94, [95]",Gênesis 31:1-24,1 João 2:1-11,João 9:18-41
Par,Sexta Semana da Epifania,Qua,"Salmo 101, 109:1-4(5-19)20-30",Salmo 119:121-144,Gênesis 31:25-50,1 João 2:12-17,João 10:1-18
Par,Sexta Semana da Epifania,Qui,Salmo 105:1-22,Salmo 105:23-45,Gênesis 32:3-21,1 João 2:18-29,João 10:19-30
Par,Sexta Semana da Epifania,Sex,Salmo 102,Salmo 107:1-32,Gênesis 32:22-33:17,1 João 3:1-10,João 10:31-42
Par,Sexta Semana da Epifania,Sab,"Salmo 107:33-43, 108:1-6(7-13)",Salmo 33,Gênesis 35:1-20,1 João 3:11-18,João 11:1-16
Par,Sétima Semana da Epifania,Seg,Salmo 106:1-18,Salmo 106:19-48,Provérbios 3:11-20,1 João 4:7-21,João 11:17-29
Par,Sétima Semana da Epifania,Ter,"Salmo [120], 121, 122, 123","Salmo 124, 125, 126, [127]",Provérbios 4:1-27,1 João 4:7-21,João 11:30-44
Par,Sétima Semana da Epifania,Qua,Salmo 119:145-176,"Salmo 128, 129, 130",Provérbios 6:1-19,1 João 5:1-12,João 11:45-54
Par,Sétima Semana da Epifania,Qui,"Salmo 131, 132, [133]","Salmo 134, 135",Provérbios 7:1-27,1 João 5:13-21,Filemon 1-25
Par,Sétima Semana da Epifania,Sex,"Salmo 140, 142","Salmo 141, 143:1-11(12)",Provérbios 8:1-21,2 Timóteo 1:1-14,João 12:9-19
Par,Sétima Semana da Epifania,Sab,"Salmo 137:1-6(7-9), 144",Salmo 104,Provérbios 8:22-36,2 Timóteo 1:1-14,João 12:20-26
Par,Oitava Semana da Epifania,Seg,"Salmo 1, 2, 3","Salmo 4, 7",Provérbios 10:1-12,2 Timóteo 1:15-2:13,João 12:27-36a
Par,Oitava Semana da Epifania,Ter,"Salmo 5, 6","Salmo 10, 11",Provérbios 15:16-33,2 Timóteo 2:14-26,João 12:36b-50
Par,Oitava Semana da Epifania,Qua,Salmo 119:1-24,"Salmo 12, 13, 14",Provérbios 17:1-20,2 Timóteo 3:1-17,João 13:1-20
Par,Oitava Semana da Epifania,Qui,Salmo 18:1-20,Salmo 18:21-50,Provérbios 21:30-22:6,2 Timóteo 4:1-8,João 13:21-30
Par,Oitava Semana da Epifania,Sex,"Salmo 16, 17",Salmo 22,"Provérbios 23:19-21, 29-24:22",Filipenses 1:1-11,João 13:31-38
Par,Oitava Semana da Epifania,Sab,"Salmo 20, 21:1-7(8-14)","Salmo 110:1-5(6-7), 116, 117",Provérbios 25:15-28,Filipenses 1:1-11,João 18:1-14
Par,Última Semana da Epifania,Seg,Salmo 25,"Salmo 9, 15","Provérbios 27:1-6, 10-12",Filipenses 2:1-13,"João 18:15-18, 25-27"
Par,Última Semana da Epifania,Ter,"Salmo 26, 28","Salmo 36, 39","Provérbios 30:1-4, 24-33",Filipenses 3:1-11,João 18:28-38
Par,Última Semana da Epifania,Qua,"Salmo 95 & 32, 143","Salmo 102, 130",Amós 5:6-15,Hebreus 12:1-14,Lucas 18:9-14
Par,Última Semana da Epifania,Qui,Salmo 37:1-18,Salmo 37:19-42,Habacuque 3:1-10(11-15)16-18,Filipenses 3:12-21,João 17:1-8
Par,Última Semana da Epifania,Sex,"Salmo 95, 31",Salmo 35,"Ezequiel 18:1-4, 25:32",Filipenses 4:1-9,João 17:9-19
Par,Última Semana da Epifania,Sab,"Salmo 30, 32","Salmo 42, 43",Ezequiel 39:21-29,Filipenses 4:10-20,João 17:20-26
Par,Primeira Semana da Quaresma,Seg,"Salmo 41, 52",Salmo 44,Gênesis 37:1-11,1 Coríntios 1:1-19,Marcos 1:1-13
Par,Primeira Semana da Quaresma,Ter,Salmo 45,"Salmo 47, 48",Gênesis 37:12-24,1 Coríntios 1:20-31,Marcos 1:14-28
Par,Primeira Semana da Quaresma,Qua,Salmo 119:49-72,"Salmo 49, [53]",Gênesis 37:25-36,1 Coríntios 2:1-13,Marcos 1:29-45
Par,Primeira Semana da Quaresma,Qui,Salmo 50,"[59-60]ou Salmo 19, 46",Gênesis 39:1-23,1 Coríntios 2:14-3:15,Marcos 2:1-12
Par,Primeira Semana da Quaresma,Sex,"Salmo 95 & 40, 54",Salmo 51,Gênesis 40:1-23,1 Coríntios 3:16-23,Marcos 2:13-22
Par,Primeira Semana da Quaresma,Sab,Salmo 55,"Salmo 138, 139:1-17(18-23)",Gênesis 41:1-13,1 Coríntios 4:1-7,Marcos 2:23-3:6
Par,Segunda Semana da Quaresma,Seg,"Salmo 56, 57, [58]","Salmo 64, 65",Gênesis 41:46-57,1 Coríntios 4:8-20(21),Marcos 3:7-19a
Par,Segunda Semana da Quaresma,Ter,"Salmo 61, 62",Salmo 68:1-20(21-23)24-36,Gênesis 42:1-17,1 Coríntios 5:1-8,Marcos 3:19b-35
Par,Segunda Semana da Quaresma,Qua,Salmo 72,Salmo 119:73-96,Gênesis 42:18-28,1 Coríntios 5:9-6:8,Marcos 4:1-20
Par,Segunda Semana da Quaresma,Qui,"Salmo [70], 71",Salmo 74,Gênesis 42:29-38,1 Coríntios 6:12-20,Marcos 4:21-34
Par,Segunda Semana da Quaresma,Sex,"Salmo 95, & 69:1-23(24-30)31-38",Salmo 73,Gênesis 43:1-15,1 Coríntios 7:1-9,Marcos 4:35-41
Par,Segunda Semana da Quaresma,Sab,"Salmo 75, 76","Salmo 23, 27",Gênesis 43:16-34,1 Coríntios 7:10-24,Marcos 5:1-20
Par,Terceira Semana da Quaresma,Seg,Salmo 80,"Salmo 77, [79]",Gênesis 44:18-34,1 Coríntios 7:25-31,Marcos 5:21-43
Par,Terceira Semana da Quaresma,Ter,Salmo 78:1-39,Salmo 78:40-72,Gênesis 45:1-15,1 Coríntios 7:32-40,Marcos 6:1-13
Par,Terceira Semana da Quaresma,Qua,Salmo 119:97-120,"Salmo 81, 82",Gênesis 45:16-28,1 Coríntios 8:1-13,Marcos 6:13-29
Par,Terceira Semana da Quaresma,Qui,"Salmo [83]ou 42, 43","Salmo 85, 86","Gênesis 46:1-7, 28-34",1 Coríntios 9:1-15,Marcos 6:30-46
Par,Terceira Semana da Quaresma,Sex,Salmo 95 & 88,"Salmo 91, 92",Gênesis 47:1-26,1 Coríntios 9:16-27,Marcos 6:47-56
Par,Terceira Semana da Quaresma,Sab,"Salmo 87, 90",Salmo 136,Gênesis 47:27-48:7,1 Coríntios 10:1-13,Marcos 7:1-23
Par,Quarta Semana da Quaresma,Seg,Salmo 89:1-18,Salmo 89:19-52,Gênesis 49:1-28,1 Coríntios 10:14-11:1,Marcos 7:24-37
Par,Quarta Semana da Quaresma,Ter,"Salmo 97, 99, [100]","Salmo 94, [95]",Gênesis 49:29-50:14,1 Coríntios 11:17-34,Marcos 8:1-10
Par,Quarta Semana da Quaresma,Qua,"Salmo 101, 109:1-4(5-19)20-30",Salmo 119:121-144,Gênesis 50:15-26,1 Coríntios 12:1-11,Marcos 8:11-26
Par,Quarta Semana da Quaresma,Qui,Salmo 69:1-23(24-30)31-38,Salmo 73,Êxodo 1:6-22,1 Coríntios 12:12-26,Marcos 8:27-9:1
Par,Quarta Semana da Quaresma,Sex,Salmo 95 & 102,Salmo 107:1-32,Êxodo 2:1-22,1 Coríntios 12:27-13:3,Marcos 9:2-13
Par,Quarta Semana da Quaresma,Sab,"Salmo 107:33-43, 108:1-6(7-13)",Salmo 33,Êxodo 2:23-3:15,1 Coríntios 13:1-13,Marcos 9:14-29
Par,Quinta Semana da Quaresma,Seg,Salmo 31,Salmo 35,Êxodo 4:10-20(21-26)27-311,1 Coríntios 14:1-19,Marcos 9:30-41
Par,Quinta Semana da Quaresma,Ter,"Salmo [120], 121, 122, 123","Salmo 124, 125, 126, [127]",Êxodo 5:1—6:1,"1 Coríntios 14:20-33a, 39-40",Marcos 9:42-50
Par,Quinta Semana da Quaresma,Qua,Salmo 119:145-176,"Salmo 128, 129, 130",Êxodo 7:8-24,2 Coríntios 2:14-3:6,Marcos 10:1-16
Par,Quinta Semana da Quaresma,Qui,"Salmo 131, 132, [133]","Salmo 140, 142",Êxodo 7:25-8:19,2 Coríntios 4:1-12,Marcos 10:17-31
Par,Quinta Semana da Quaresma,Sex,Salmo 95 & 22,"Salmo 141, 143:1-11(12)",Êxodo 9:13-35,2 Coríntios 4:13-18,Marcos 10:32-45
Par,Quinta Semana da Quaresma,Sab,"Salmo 137:1-6(7-9), 144","Salmo 42, 43",Êxodo 10:21-11:8,2 Coríntios 4:13-18,Marcos 10:46-52
Par,Semana Santa,Seg,Salmo 51:1-18(19-20),Salmo 69:1-23,"Lamentações 1:1-2, 6-12",2 Coríntios 1:1-7,Marcos 11:12-25
Par,Semana Santa,Ter,"Salmo 6, 12",Salmo 94,Lamentações 1:17-22,2 Coríntios 1:8-22,Marcos 11:27-33
Par,Semana Santa,Qua,Salmo 55,Salmo 74,"Lamentações 2:1-9, 14-17",2 Coríntios 1:23-2:11,Marcos 12:1-11
Par,Semana Santa,Qui,Salmo 102,"Salmo 142, 143",Lamentações 2:10-18,"1 Coríntios 10:14-17, 11:27-32",1 Pedro 1:10-20
Par,Semana Santa,Sex,"Salmo 95, 22","Salmo 40:1-14(15-19), 54","Lamentações 3:1-9, 19-33",1 Pedro 1:10-20,João 13:36-38
Par,Semana Santa,Sab,"Salmo 95, 88",Salmo 27,Lamentações 3:37-58,Hebreus 4:1-16,João 19:38-42
Par,Primeira Semana da Páscoa,Seg,"Salmo 93, 98",Salmo 66,Êxodo 12:14-27,1 Coríntios 15:1-11,Marcos 16:1-8
Par,Primeira Semana da Páscoa,Ter,Salmo 103,"Salmo 111, 114",Êxodo 12:28-39,1 Coríntios 15:12-28,Marcos 16:9-20
Par,Primeira Semana da Páscoa,Qua,"Salmo 97, 99",Salmo 115,Êxodo 12:40-51,1 Coríntios 15:(29)30-41,Mateus 28:1-16
Par,Primeira Semana da Páscoa,Qui,"Salmo 146, 147","Salmo 148, 149",Êxodo 13:3-10,1 Coríntios 15:41-50,Mateus 28:16-20
Par,Primeira Semana da Páscoa,Sex,Salmo 136,Salmo 118,"Êxodo 13:1-2, 11-16",2 Coríntios 4:16-5:10,Lucas 24:1-12
Par,Primeira Semana da Páscoa,Sab,Salmo 145,Salmo 104,Êxodo 13:17-14:4,2 Coríntios 5:1-10,Marcos 12:18-27
Par,Segunda Semana da Páscoa,Seg,"Salmo 1, 2, 3","Salmo 4, 7",Êxodo 14:21-31,1 Pedro 1:1-12,João 14:(1-7)8-17
Par,Segunda Semana da Páscoa,Ter,"Salmo 5, 6","Salmo 10, 11",Êxodo 15:1-21,1 Pedro 1:13-25,João 14:18-31
Par,Segunda Semana da Páscoa,Qua,Salmo 119:1-24,"Salmo 12, 13, 14",Êxodo 15:22-16:10,1 Pedro 2:1-10,João 15:1-11
Par,Segunda Semana da Páscoa,Qui,Salmo 18:1-20,Salmo 18:21-50,Êxodo 16:10-21,1 Pedro 2:11-25,João 15:12-27
Par,Segunda Semana da Páscoa,Sex,"Salmo 16, 17",Salmo 22,Êxodo 16:22-36,1 Pedro 3:13 -4:6,João 16:1-15
Par,Segunda Semana da Páscoa,Sab,"Salmo 20, 21:1-7(8-14)","Salmo 110:1-5(6-7), 116, 117",Êxodo 17:1-16,1 Pedro 4:7-19,João 16:16-33
Par,Terceira Semana da Páscoa,Seg,Salmo 25,"Salmo 9, 15",Êxodo 18:13-27,1 Pedro 5:1-14,"Mateus (1:1-17), 3:1-6"
Par,Terceira Semana da Páscoa,Ter,"Salmo 26, 28","Salmo 36, 39",Êxodo 19:1-16,Colossenses 1:1-14,Mateus 3:7-12
Par,Terceira Semana da Páscoa,Qua,Salmo 38,Salmo 119:25-48,Êxodo 19:16-25,Colossenses 1:15-23,Mateus 3:13-17
Par,Terceira Semana da Páscoa,Qui,Salmo 37:1-18,Salmo 37:19-42,Êxodo 20:1-21,Colossenses 1:24-2:7,Mateus 4:1-11
Par,Terceira Semana da Páscoa,Sex,Salmo 105:1-22,Salmo 105:23-45,Êxodo 24:1-18,Colossenses 2:8-23,Mateus 4:12-17
Par,Terceira Semana da Páscoa,Sab,"Salmo 30, 32","Salmo 42, 43",Êxodo 25:1-22,Colossenses 3:1-17,Mateus 4:18-25
Par,Quarta Semana da Páscoa,Seg,"Salmo 41, 52",Salmo 44,Êxodo 32:1-20,Colossenses 3:18-4:6(7-16),Mateus 5:1-10
Par,Quarta Semana da Páscoa,Ter,Salmo 45,"Salmo 47, 48",Êxodo 32:21-34,1 Tessalonicenses 1,Mateus 5:11-16
Par,Quarta Semana da Páscoa,Qua,Salmo 119:49-72,"Salmo 49, [53]",Êxodo 33:1-23,1 Tessalonicenses 2:1-12,Mateus 5:17-20
Par,Quarta Semana da Páscoa,Qui,Salmo 50,"Salmo [59, 60]ou 114, 115",Êxodo 34:1-17,1 Tessalonicenses 2:13-20,Mateus 5:21-26
Par,Quarta Semana da Páscoa,Sex,"Salmo 40, 54",Salmo 51,Êxodo 34:18-35,1 Tessalonicenses 3,Mateus 5:27-37
Par,Quarta Semana da Páscoa,Sab,Salmo 55,"Salmo 138, 139:1-17(18-23)",Êxodo 40:18-38,1 Tessalonicenses 4:1-12,Mateus 5:38-48
Par,Quinta Semana da Páscoa,Seg,"Salmo 56-57, [58]","Salmo 64, 65",Levítico 16:1-19,1 Tessalonicenses 4:13-18,"Mateus 6:1-6, 16-18"
Par,Quinta Semana da Páscoa,Ter,"Salmo 61, 62",Salmo 68:1-20(21-23)24-36,Levítico 16:20-34,1 Tessalonicenses 5:1-11,Mateus 6:7-15
Par,Quinta Semana da Páscoa,Qua,Salmo 72,Salmo 119:73-96,Levítico 19:1-18,1 Tessalonicenses 5:12-28,Mateus 6:19-24
Par,Quinta Semana da Páscoa,Qui,"Salmo [70], 71",Salmo 74,Levítico 19:26-37,2 Tessalonicenses 1,Mateus 7:1-12
Par,Quinta Semana da Páscoa,Sex,Salmo 106:1-18,Salmo 106:19-48,Levítico 23:1-22,2 Tessalonicenses 2,Mateus 7:1-12
Par,Quinta Semana da Páscoa,Sab,"Salmo 75, 76","Salmo 23, 27",Levítico 23:23-44,2 Tessalonicenses 3:1-18,Mateus 7:13-21
Par,Sexta Semana da Páscoa,Seg,Salmo 80,"Salmo 77, [79]",Levítico 25:35-55,Colossenses 1:9-14,Mateus 13:1-16
Par,Sexta Semana da Páscoa,Ter,Salmo 78:1-39,Salmo 78:40-72,Levítico 26:1-20,1 Timóteo 2:1-6,Mateus 13:18-23
Par,Sexta Semana da Páscoa,Qua,Salmo 119:97-120,"Salmo 81, 82",Levítico 26:27-42,Efésios 1:1-10/ Apocalipse 5:1-14,Mateus 22:41-46
Par,Sexta Semana da Páscoa,Qui,"Salmo 8, 47","Salmo 24, 96",Daniel 7:9-14,Hebreus 2:5-18,Mateus 28:16-20
Par,Sexta Semana da Páscoa,Sex,"Salmo 85, 86","Salmo 91, 92",1 Samuel 2:1-10,Efésios 2:1-10,Mateus 7:22-27
Par,Sexta Semana da Páscoa,Sab,"Salmo 87, 90",Salmo 136,"Números 11:16-17, 24-29",Efésios 2:11-22,Mateus 7:28-8:4
Par,Sétima Semana da Páscoa,Seg,Salmo 89:1-18,Salmo 89:19-52,Josué 1:1-9,Efésios 3:1-13,Mateus 8:5-17
Par,Sétima Semana da Páscoa,Ter,"Salmo 97, 99, [100]","Salmo 94, [95]",1 Samuel 16:1-13a,Efésios 3:14-21,Mateus 8:18-27
Par,Sétima Semana da Páscoa,Qua,"Salmo 101, 109:1-4(5-19)20-30",Salmo 119:121-144,Isaías 4:2-6,Efésios 4:1-16,Mateus 8:28-34
Par,Sétima Semana da Páscoa,Qui,Salmo 105:1-22,Salmo 105:23-45,Zacarias 4:1-14,Efésios 4:17-32,Mateus 9:1-8
Par,Sétima Semana da Páscoa,Sex,Salmo 102,Salmo 107:1-32,Jeremias 31:27-34,Efésios 5:1-20,Mateus 9:9-17
Par,Sétima Semana da Páscoa,Sab,"Salmo 107:33-43, 108:1-6(7-13)",Salmo 33,"Ezequiel 36:22-27 / Êxodo 19:3-8a, 16-20",Efésios 6:10-24 / 1 Pedro 2:4-10,Mateus 9:18-26
Par,Próprio 1,Seg,Salmo 106:1-18,Salmo 106:19-48,Ezequiel 33:1-11,1 João 1,Mateus 9:27-34
Par,Próprio 1,Ter,"Salmo [120], 121, 122, 123","Salmo 124, 125, 126, [127]",Ezequiel 33:21-33,1 João 2:1-11,Mateus 9:35-10:4
Par,Próprio 1,Qua,Salmo 119:145-176,"Salmo 128, 129, 130",Ezequiel 34:1-16,1 João 2:12-17,Mateus 10:5-15
Par,Próprio 1,Qui,"Salmo 131, 132, [133]","Salmo 134, 135",Ezequiel 37:21b-28,1 João 2:18-29,Mateus 10:16-23
Par,Próprio 1,Sex,"Salmo 140, 142","Salmo 141, 143:1-11(12)",Ezequiel 39:21-29,1 João 3:1-10,Mateus 10:24-33
Par,Próprio 1,Sab,Salmo 137:1-6(7-9) 144,Salmo 104,Ezequiel 47:1-12,1 João 3:11-18,Mateus 10:34-42
Par,Próprio 2,Seg,"Salmo 1, 2, 3","Salmo 4, 7",Provérbios 3:11-20,1 João 3:18-4:6,Mateus 11:1-6
Par,Próprio 2,Ter,"Salmo 5, 6","Salmo 10, 11",Provérbios 4:1-27,1 João 4:7-21,Mateus 11:7-15
Par,Próprio 2,Qua,Salmo 119:1-24,"Salmo 12, 13, 14",Provérbios 6:1-19,1 João 5:1-12,Mateus 11:16-24
Par,Próprio 2,Qui,Salmo 18:1-20,Salmo 18:21-50,Provérbios 7:1-27,2 João 1-13,Mateus 11:25-30
Par,Próprio 2,Sex,"Salmo 16, 17",Salmo 22,Provérbios 8:1-21,3 João 1-15,Mateus 12:1-14
Par,Próprio 2,Sab,"Salmo 20, 21:1-7(8-14)","Salmo 110:1-5(6-7), 116, 117",Provérbios 8:22-36,Salmo 110:1-7(6-7) 116-117,Mateus 12:15-21
Par,Próprio 3,Seg,Salmo 25,"Salmo 9, 15",Provérbios 10:1-12,1 Timóteo 1:1-17,Mateus 12:22-32
Par,Próprio 3,Ter,"Salmo 26, 28","Salmo 36, 39",Provérbios 15:16-33,1 Timóteo 1:18-2:8,Mateus 12:33-42
Par,Próprio 3,Qua,Salmo 38,Salmo 119:25-48,Provérbios 17:1-20,1 Timóteo 3:1-16,Mateus 12:43-50
Par,Próprio 3,Qui,Salmo 37:1-18,Salmo 37:19-42,Provérbios 21:30-22:6,1 Timóteo 4:1-16,Mateus 13:24-30
Par,Próprio 3,Sex,Salmo 31,Salmo 35,"Provérbios 23:19-21, 29-24:21",1 Timóteo 5:17-25(23-25),Mateus 13:31-35
Par,Próprio 3,Sab,"Salmo 30, 32","Salmo 42, 43",Provérbios 25:15-28,1 Timóteo 6:6-21,Mateus 13:36-43
Par,Próprio 4,Seg,"Salmo 41, 52",Salmo 44,Eclesiastes 2:1-15,Gálatas 1:1-17,Mateus 13:44-52
Par,Próprio 4,Ter,Salmo 45,"Salmo 47, 48",Eclesiastes 2:16-26,Gálatas 1:18-2:10,Mateus 13:53-58
Par,Próprio 4,Qua,Salmo 119:49-72,"Salmo 49, [53]",Eclesiastes 3:1-15,Gálatas 2:11-21,Mateus 14:1-12
Par,Próprio 4,Qui,Salmo 50,"Salmo [59, 60]ou 8, 84",Eclesiastes 3:16-4:3,Gálatas 3:1-14,Mateus 14:13-21
Par,Próprio 4,Sex,"Salmo 40, 54",Salmo 51,Eclesiastes 5:1-7,Gálatas 3:15-22,Mateus 14:22-36
Par,Próprio 4,Sab,Salmo 55,"Salmo 138, 139:1-17(18-23)",Eclesiastes 5:8-20,Gálatas 3:23-4:11,Mateus 15:1-20
Par,Próprio 5,Seg,"Salmo 56-57, [58]","Salmo 64, 65",Eclesiastes 7:1-14,Gálatas 4:12-20,Mateus 15:21-28
Par,Próprio 5,Ter,"Salmo 61, 62",Salmo 68:1-20(21-23)24-36,Eclesiastes 8:14-9:10,Gálatas 4:21-31,Mateus 15:29-39
Par,Próprio 5,Qua,Salmo 72,Salmo 119:73-96,Eclesiastes 9:11-18,Gálatas 5:1-15,Mateus 16:1-12
Par,Próprio 5,Qui,"Salmo [70], 71",Salmo 74,Eclesiastes 11:1-8,Gálatas 5:16-24,Mateus 16:13-20
Par,Próprio 5,Sex,Salmo 69:1-23[24-30]31-38,Salmo 73,Eclesiastes 11:9-12:14,Gálatas 5:25-6:10,Mateus 16:21-28
Par,Próprio 5,Sab,"Salmo 75, 76","Salmo 23, 27",Números 3:1-13,Gálatas 6:11-18,Mateus 17:1-13
Par,Próprio 6,Seg,Salmo 80,"Salmo 77, [79]","Números 9:15-23, 10:29-36",Romanos 1:1-15,Mateus 17:14-21
Par,Próprio 6,Ter,Salmo 78:1-39,Salmo 78:40-72,Números 11:1-23,Romanos 1:16-25,Mateus 17:22-27
Par,Próprio 6,Qua,Salmo 119:97-120,"Salmo 81, 82",Números 11:24-35(34-35),Romanos 1:28-2:11,Mateus 18:1-9
Par,Próprio 6,Qui,Salmo [83]ou 34,"Salmo 85, 86",Números 12:1-16,Romanos 2:12-24,Mateus 18:10-20
Par,Próprio 6,Sex,Salmo 88,"Salmo 91, 92","Números 13:1-3, 21-30",Romanos 2:25-3:8,Mateus 18:21-35
Par,Próprio 6,Sab,"Salmo 87, 90",Salmo 136,Números 13:31-14:25,Romanos 3:9-20,Mateus 19:1-12
Par,Próprio 7,Seg,Salmo 89:1-18,Salmo 89:19-52,Números 16:1-19,Romanos 3:21-31,Mateus 19:13-22
Par,Próprio 7,Ter,"Salmo 97, 99, [100]","Salmo 94, [95]",Números 16:20-35,Romanos 4:1-12,Mateus 19:23-30
Par,Próprio 7,Qua,"Salmo 101, 109:1-4(5-19)20-30",Salmo 119:121-144,Números 16:36-50,Romanos 4:13-25,Mateus 20:1-16
Par,Próprio 7,Qui,Salmo 105:1-22,Salmo 105:23-45,Números 17:1-11,Romanos 5:1-11,Mateus 20:17-28
Par,Próprio 7,Sex,Salmo 102,Salmo 107:1-32,Números 20:1-13,Romanos 5:12-21,Mateus 20:29-34
Par,Próprio 7,Sab,"Salmo 107:33-43, 108:1-6(7-13)",Salmo 33,Números 20:14-29,Romanos 6:1-11,Mateus 21:1-11
Par,Próprio 8,Seg,Salmo 106:1-18,Salmo 106:19-48,Números 22:1-21,Romanos 6:12-23,Mateus 21:12-22
Par,Próprio 8,Ter,"Salmo [120], 121, 122, 123","Salmo 124, 125, 126, [127]",Números 22:21-38,Romanos 7:1-12,Mateus 21:23-32
Par,Próprio 8,Qua,Salmo 119:145-176,"Salmo 128, 129, 130",Números 22:41-23:12,Romanos 7:13-25,Mateus 21:33-46
Par,Próprio 8,Qui,"Salmo 131, 132, [133]","Salmo 134, 135",Números 23:11-26,Romanos 8:1-11,Mateus 22:1-14
Par,Próprio 8,Sex,"Salmo 140, 142","Salmo 141, 143:1-11(12)",Números 24:1-13,Romanos 8:12-17,Mateus 22:15-22
Par,Próprio 8,Sab,"Salmo 137(7-9), 144",Salmo 104,Números 24:12-25,Romanos 8:18-25,Mateus 22:23-40
Par,Próprio 9,Seg,"Salmo 1, 2, 3","Salmo 4, 7","Números 32:1-6, 16-27",Romanos 8:26-30,Mateus 23:1-12
Par,Próprio 9,Ter,"Salmo 5, 6","Salmo 10, 11","Números 35:1-3, 9-15, 30-34",Romanos 8:31-39,Mateus 23:13-26
Par,Próprio 9,Qua,Salmo 119:1-24,"Salmo 12, 13, 14",Deuteronômio 1:1-18,Romanos 9:1-18,Mateus 23:27-39
Par,Próprio 9,Qui,Salmo 18:1-20,Salmo 18:21-50,Deuteronômio 3:18-28,Romanos 9:19-33,Mateus 24:1-14
Par,Próprio 9,Sex,"Salmo 16, 17",Salmo 22,"Deuteronômio 31:1-13, 24-32:4",Romanos 10:1-13,Mateus 24:15-31
Par,Próprio 9,Sab,"Salmo 20, 21:1-7(8-14)","Salmo 110:1-5(6-7), 116, 117",Deuteronômio 34,Romanos 10:14-21,Mateus 24:32-51
Par,Próprio 10,Seg,Salmo 25,"Salmo 9, 15",Josué 2:1-14,Romanos 11:1-12,Mateus 25:1-13
Par,Próprio 10,Ter,"Salmo 26, 28","Salmo 36, 39",Josué 2:15-24,Romanos 11:13-24,Mateus 25:14-30
Par,Próprio 10,Qua,Salmo 38,Salmo 119:25-48,Josué 3:1-13,Romanos 11:25-36,Mateus 25:31-46
Par,Próprio 10,Qui,Salmo 37:1-18,Salmo 37:19-42,Josué 3:14-4:7,Romanos 12:1-8,Mateus 26:1-16
Par,Próprio 10,Sex,Salmo 31,Salmo 35,"Josué 4:19-5:1, 10-15",Romanos 12:9-21,Mateus 26:17-25
Par,Próprio 10,Sab,"Salmo 30, 32","Salmo 42, 43",Josué 6:1-14,Romanos 13:1-7,Mateus 26:26-35
Par,Próprio 11,Seg,"Salmo 41, 52",Salmo 44,Josué 7:1-13,Romanos 13:8-14,Mateus 26:36-46
Par,Próprio 11,Ter,Salmo 45,"Salmo 47, 48",Josué 8:1-22,Romanos 14:1-12,Mateus 26:47-56
Par,Próprio 11,Qua,Salmo 119:49-72,"Salmo 49, [53]",Josué 8:30-35,Romanos 14:13-23,Mateus 26:57-68
Par,Próprio 11,Qui,Salmo 50,"Salmo [59, 60]ou 66, 67",Josué 9:3-21,Romanos 15:1-13,Mateus 26:69-75
Par,Próprio 11,Sex,"Salmo 40, 54",Salmo 51,Josué 9:22-10:15,Romanos 15:14-24,Mateus 27:1-10
Par,Próprio 11,Sab,Salmo 55,"Salmo 138, 139:1-17(18-23)",Josué 23:1-16,Romanos 15:25-33,Mateus 27:11-23
Par,Próprio 12,Seg,"Salmo 56-57, [58]","Salmo 64, 65",Josué 24:16-33,Romanos 16:1-16,Mateus 27:24-31
Par,Próprio 12,Ter,"Salmo 61, 62",Salmo 68:1-20(21-23)24-36,"Juízes 2:1-5, 11-23",Romanos 16:17-27,Mateus 27:32-44
Par,Próprio 12,Qua,Salmo 72,Salmo 119:73-96,Juízes 3:12-30,Atos 1:1-14,Mateus 27:45-54
Par,Próprio 12,Qui,"Salmo [70], 71",Salmo 74,Juízes 4:4-23,Atos 1:15-26,Mateus 27:55-66
Par,Próprio 12,Sex,Salmo 69:1-23[24-30]31-38,Salmo 73,Juízes 5:1-18,Atos 2:1-21,Mateus 28:1-10
Par,Próprio 12,Sab,"Salmo 75, 76","Salmo 23, 27",Juízes 5:19-31,Atos 2:22-36,Mateus 28:11-20
Par,Próprio 13,Seg,Salmo 80,"Salmo 77, [79]",Juízes 6:25-40,Atos 2:37-47,João 1:1-18
Par,Próprio 13,Ter,Salmo 78:1-39,Salmo 78:40-72,Juízes 7:1-18,Atos 3:1-11,João 1:19-28
Par,Próprio 13,Qua,Salmo 119:97-120,"Salmo 81, 82",Juízes 7:19-8:12,Atos 3:12-26,João 1:29-42
Par,Próprio 13,Qui,Salmo [83]ou 145,"Salmo 85, 86",Juízes 8:22-35,Atos 4:1-12,João 1:43-51
Par,Próprio 13,Sex,Salmo 88,"Salmo 91, 92","Juízes 9:1-16, 19-21",Atos 4:13-31,João 2:1-12
Par,Próprio 13,Sab,"Salmo 87, 90",Salmo 136,"Juízes 9:22-25, 50-57",Atos 4:32-5:11,João 2:13-25
Par,Próprio 14,Seg,Salmo 89:1-18,Salmo 89:19-52,Juízes 11:1-11,Atos 5:12-26,João 3:1-21
Par,Próprio 14,Ter,"Salmo 97, 99, [100]","Salmo 94, [95]",Juízes 11:29-40,Atos 5:27-42,João 3:22-36
Par,Próprio 14,Qua,"Salmo 101, 109:1-4(5-19)20-30",Salmo 119:121-144,Juízes 12:1-7,Atos 6:1-15,João 4:1-26
Par,Próprio 14,Qui,Salmo 105:1-22,Salmo 105:23-45,Juízes 14:1-19,Atos 6:15-7:16,João 4:27-42
Par,Próprio 14,Sex,Salmo 102,Salmo 107:1-32,Juízes 14:20-15:20,Atos 7:17-29,João 4:43-54
Par,Próprio 14,Sab,"Salmo 107:33-43, 108:1-6(7-13)",Salmo 33,Juízes 16:1-14,Atos 7:30-43,João 5:1-18
Par,Próprio 15,Seg,Salmo 106:1-18,Salmo 106:19-48,Juízes 17:1-13,Atos 7:44-8:1a,João 5:19-29
Par,Próprio 15,Ter,"Salmo [120], 121, 122, 123","Salmo 124, 125, 126, [127]",Juízes 18:1-15,Atos 8:1-13,João 5:30-47
Par,Próprio 15,Qua,Salmo 119:145-176,"Salmo 128, 129, 130",Juízes 18:16-31,Atos 8:14-25,João 6:1-15
Par,Próprio 15,Qui,"Salmo 131, 132, [133]","Salmo 134, 135",Jó 1:1-22,Atos 8:26-40,João 6:16-27
Par,Próprio 15,Sex,"Salmo 140, 142","Salmo 141, 143:1-11(12)",Jó 2:1-13,Atos 9:1-9,João 6:27-40
Par,Próprio 15,Sab,"Salmo 137:1-6(7-9), 144",Salmo 104,Jó 3:1-26,Atos 9:10-19a,João 6:41-51
Par,Próprio 16,Seg,"Salmo 1, 2, 3","Salmo 4, 7","Jó 4:1, 5:1-11, 17-21, 26-27",Atos 9:19-31,João 6:52-59
Par,Próprio 16,Ter,"Salmo 5, 6","Salmo 10, 11","Jó 6:1-4, 8-15, 21",Atos 9:32-43,João 6:60-71
Par,Próprio 16,Qua,Salmo 119:1-24,"Salmo 12, 13, 14","Jó 6:1, 7:1-21",Atos 10:1-16,João 7:1-13
Par,Próprio 16,Qui,Salmo 18:1-20,Salmo 18:21-50,"Jó 8:1-10, 20-22",Atos 10:17-33,João 7:14-36
Par,Próprio 16,Sex,"Salmo 16, 17",Salmo 22,"Jó 9:1-15, 32-35",Atos 10:34-48,João 7:37-52
Par,Próprio 16,Sab,"Salmo 20, 21:1-7(8-14)","Salmo 110:1-5(6-7), 116, 117","Jó 9:1, 10:1-9, 16-22",Atos 11:1-18,João 8:12-20
Par,Próprio 17,Seg,Salmo 25,"Salmo 9, 15","Jó 12:1-6, 13-25",Atos 12:1-17,João 8:21-32
Par,Próprio 17,Ter,"Salmo 26, 28","Salmo 36, 39","Jó 12:1, 13:3-17, 21-27",Atos 12:18-25,João 8:33-47
Par,Próprio 17,Qua,Salmo 38,Salmo 119:25-48,"Jó 12:1, 14:1-22",Atos 13:1-12,João 8:47-59
Par,Próprio 17,Qui,Salmo 37:1-18,Salmo 37:19-42,"Jó 16:16-22, 17:1, 13-16",Atos 13:13-25,João 9:1-17
Par,Próprio 17,Sex,Salmo 31,Salmo 35,"Jó 19:1-7, 14-27",Atos 13:26-43,João 9:18-41
Par,Próprio 17,Sab,"Salmo 30, 32","Salmo 42, 43","Jó 22:1-4, 21-23:7",Atos 13:44-52,João 10:1-18
Par,Próprio 18,Seg,"Salmo 41, 52",Salmo 44,"Jó 32:1-10, 19-33:1, 19-28",Atos 14:1-18,João 10:19-30
Par,Próprio 18,Ter,Salmo 45,"Salmo 47, 48",Jó 29:1-20,Atos 14:19-28,João 10:31-42
Par,Próprio 18,Qua,Salmo 119:49-72,"Salmo 49, [53]","Jó 29:1, 31:24-40",Atos 15:1-11,João 11:1-16
Par,Próprio 18,Qui,Salmo 50,"Salmo [59, 60]ou 93, 96","Jó 29:1, 31:24-40",Atos 15:12-21,João 11:17-29
Par,Próprio 18,Sex,"Salmo 40, 54",Salmo 51,Jó 38:1-17,Atos 15:22-35,João 11:30-44
Par,Próprio 18,Sab,Salmo 55,"Salmo 138, 139:1-17(18-23)","Jó 38:1, 39:1-18",Atos 15:36-16:5,João 11:45-54
Par,Próprio 19,Seg,"Salmo 56-57, [58]","Salmo 64, 65",Jó 40:1-24,Atos 16:6-15,João 11:55-12:8
Par,Próprio 19,Ter,"Salmo 61, 62",Salmo 68:1-20(21-23)24-36,"Jó 40:1, 41:1-11",Atos 16:16-24,João 12:9-19
Par,Próprio 19,Qua,Salmo 72,Salmo 119:73-96,Jó 42:1-17,Atos 16:25-40,João 12:20-26
Par,Próprio 19,Qui,"Salmo [70], 71",Salmo 74,"Ester 1:1-4, 10-19",Atos 17:1-15,João 12:27-36a
Par,Próprio 19,Sex,Salmo 69:1-23[24-30]31-38,Salmo 73,"Ester 2:5-8, 15-23",Atos 17:16-34,João 12:36-43
Par,Próprio 19,Sab,"Salmo 75, 76","Salmo 23, 27","Ester 3:1-4, 10-19",Atos 17:16-34,João 12:44-50
Par,Próprio 20,Seg,Salmo 80,"Salmo 77, [79]",Ester 4:4-17,Atos 18:1-11,"Lucas (1:1-4), 3:1-14"
Par,Próprio 20,Ter,Salmo 78:1-39,Salmo 78:40-72,Ester 5:1-14,Atos 18:12-28,Lucas 3:15-22
Par,Próprio 20,Qua,Salmo 119:97-120,"Salmo 81, 82",Ester 6:1-14,Atos 19:1-10,Lucas 4:1-13
Par,Próprio 20,Qui,Salmo [83]ou 146-147,"Salmo 85, 86",Ester 7:1-10,Atos 19:11-20,Lucas 4:14-30
Par,Próprio 20,Sex,Salmo 88,"Salmo 91, 92","Ester 8:1-8, 15-17",Atos 19:21-41,Lucas 4:31-37
Par,Próprio 20,Sab,"Salmo 87, 90",Salmo 136,Oséias 1:1-2:1,Atos 20:1-16,Lucas 4:38-44
Par,Próprio 21,Seg,Salmo 89:1-18,Salmo 89:19-52,Oséias 2:14-23,Atos 20:17-38,Lucas 5:1-11
Par,Próprio 21,Ter,"Salmo 97, 99, [100]","Salmo 94, [95]",Oséias 4:1-14,Atos 21:1-14,Lucas 5:12-26
Par,Próprio 21,Qua,"Salmo 101, 109:1-4(5-19)20-30",Salmo 119:121-144,Oséias 4:11-19,Atos 21:15-26,Lucas 5:27-39
Par,Próprio 21,Qui,Salmo 105:1-22,Salmo 105:23-45,Oséias 5:8-6:6,Atos 21:27-36,Lucas 6:1-11
Par,Próprio 21,Sex,Salmo 102,Salmo 107:1-32,Oséias 10:1-15,Atos 21:37-22:16,Lucas 6:12-26
Par,Próprio 21,Sab,"Salmo 107:33-43, 108:1-6(7-13)",Salmo 33,Oséias 11:1-9,Atos 22:17-29,Lucas 6:27-38
Par,Próprio 22,Seg,Salmo 106:1-18,Salmo 106:19-48,Oséias 14:1-9,Atos 22:30-23:11,Lucas 6:39-49
Par,Próprio 22,Ter,"Salmo [120], 121, 122, 123","Salmo 124, 125, 126, [127]",Miquéias 1:1-9,Atos 23:12-24,Lucas 7:1-17
Par,Próprio 22,Qua,Salmo 119:145-176,"Salmo 128, 129, 130",Miquéias 2:1-13,Atos 23:23-35,Lucas 7:18-35
Par,Próprio 22,Qui,"Salmo 131, 132, [133]","Salmo 134, 135",Miquéias 3:9-4:5,Atos 24:1-23,Lucas 7:36-50
Par,Próprio 22,Sex,"Salmo 140, 142","Salmo 141, 143:1-11(12)","Miquéias 5:1-4, 10-15",Atos 24:24-25:12,Lucas 8:1-15
Par,Próprio 22,Sab,Salmo 137:1-6(7-9) 144,Salmo 104,Miquéias 7:1-7,Atos 25:13-27,Lucas 8:16-25
Par,Próprio 23,Seg,"Salmo 1, 2, 3","Salmo 4, 7",Miquéias 7:1-7,Atos 26:1-23,Lucas 8:26-39
Par,Próprio 23,Ter,"Salmo 5, 6","Salmo 10, 11",Jonas 1:1-17a,Atos 26:24-27:8,Lucas 8:40-56
Par,Próprio 23,Qua,Salmo 119:1-24,"Salmo 12, 13, 14",Jonas 1:17-2:10,Atos 27:9-26,Lucas 9:1-17
Par,Próprio 23,Qui,Salmo 18:1-20,Salmo 18:21-50,Jonas 3:1-4:11,Atos 27:27-44,Lucas 9:18-27
Par,Próprio 23,Sex,"Salmo 16, 17",Salmo 22,Provérbios 15:1-11,Atos 28:1-16,Lucas 9:28-36
Par,Próprio 23,Sab,"Salmo 20, 21:1-7(8-14)","Salmo 110:1-5(6-7), 116, 117",Provérbios 13:7-12,Atos 28:17-31,Lucas 9:37-50
Par,Próprio 24,Seg,Salmo 25,"Salmo 9, 15",Provérbios 14:24-27,Apocalipse 7:1-8,Lucas 9:51-62
Par,Próprio 24,Ter,"Salmo 26, 28","Salmo 36, 39",Provérbios 10:11-21,Apocalipse 7:9-17,Lucas 10:1-16
Par,Próprio 24,Qua,Salmo 38,Salmo 119:25-48,Provérbios 10:1-10,Apocalipse 8:1-13,Lucas 10:17-24
Par,Próprio 24,Qui,Salmo 37:1-18,Salmo 37:19-42,Provérbios 14:28-35,Apocalipse 9:1-12,Lucas 10:25-37
Par,Próprio 24,Sex,Salmo 31,Salmo 35,Provérbios 16:20-24,Apocalipse 9:13-21,Lucas 10:38-42
Par,Próprio 24,Sab,"Salmo 30, 32","Salmo 42, 43",Provérbios 17:1-10,Apocalipse 10:1-11,Lucas 11:1-1
Par,Próprio 25,Seg,"Salmo 41, 52",Salmo 44,Provérbios 1:10-19,Apocalipse 11:1-14,Lucas 11:14-26
Par,Próprio 25,Ter,Salmo 45,"Salmo 47, 48",Provérbios 1:20-33,Apocalipse 11:14-19,Lucas 11:27-36
Par,Próprio 25,Qua,Salmo 119:49-72,"Salmo 49, [53]",Provérbios 3:11-20,Apocalipse 12:1-6,Lucas 11:37-52
Par,Próprio 25,Qui,Salmo 50,"Salmo [59, 60]ou 103",Provérbios 23:29-35,Apocalipse 13:1-10,Lucas 11:53-12:12
Par,Próprio 25,Sex,"Salmo 40, 54",Salmo 51,Provérbios 16:1-9,Apocalipse 13:11-18,Lucas 12:13-31
Par,Próprio 25,Sab,Salmo 55,"Salmo 138, 139:1-17(18-23)",Provérbios 14:20-23,Apocalipse 13:11-18,Lucas 12:32-48
Par,Próprio 26,Seg,"Salmo 56-57, [58]","Salmo 64, 65",Provérbios 27:23-27,Apocalipse 14:1-13,Lucas 12:49-59
Par,Próprio 26,Ter,"Salmo 61, 62",Salmo 68:1-20(21-23)24-36,Josué 3:1-7,Apocalipse 14:14-15:8,Lucas 13:1-9
Par,Próprio 26,Qua,Salmo 72,Salmo 119:73-96,2 Reis 4:1-7,Apocalipse 16:1-11,Lucas 13:10-17
Par,Próprio 26,Qui,"Salmo [70], 71",Salmo 74,2 Crônicas 6: 3-10,Apocalipse 16:12-21,Lucas 13:31-35
Par,Próprio 26,Sex,Salmo 69:1-23[24-30]31-38,Salmo 73,Levítico 10:1-11,Apocalipse 17:1-18,Lucas 14:1-11
Par,Próprio 26,Sab,"Salmo 75, 76","Salmo 23, 27",2 Crônicas 6:12-21,2 Crônicas 6:12-21,Lucas 14:1-11
Par,Próprio 27,Seg,Salmo 80,"Salmo 77, [79]",Joel 1:1-13,Apocalipse 18:15-24,Lucas 14:12-24
Par,Próprio 27,Ter,Salmo 78:1-39,Salmo 78:40-72(3-11),Joel 2:21-27,Apocalipse 19:1-10,Lucas 14:25-35
Par,Próprio 27,Qua,Salmo 119:97-120,"Salmo 81, 82",Joel 2:28-3:8,Apocalipse 19:11-21,Lucas 15:1-10
Par,Próprio 27,Qui,"Salmo [83], 23, 27","Salmo 85, 86",Joel 2:21-27,Tiago 1:1-15,"Lucas 15:1-2, 11-32"
Par,Próprio 27,Sex,Salmo 88,"Salmo 91, 92",Joel 2:28-3:8,Tiago 1:16-2,Lucas 16:1-9
Par,Próprio 27,Sab,"Salmo 87, 90",Salmo 136,Joel 3:9-17,Tiago 2:1-13,Lucas 16:10-18(18)
Par,Próprio 28,Seg,Salmo 89:1-18,Salmo 89:19-52,"Habacuque 2:1-4, 9-20",Tiago 2:14-26,Lucas 16:19-31
Par,Próprio 28,Ter,"Salmo 97, 99, [100]","Salmo 94, [95]",Habacuque 3:1-10(11-15)16-18,Tiago 3:1-12,Lucas 17:1-10
Par,Próprio 28,Qua,"Salmo 101, 109:1-4(5-19)20-30",Salmo 119:121-144,"Malaquias 1:1, 6-14",Tiago 3:13-4:12,Lucas 17:11-19
Par,Próprio 28,Qui,Salmo 105:1-22,Salmo 105:23-45,Malaquias 2:1-16,Tiago 4:13-5:6,Lucas 17:20-37
Par,Próprio 28,Sex,Salmo 102,Salmo 107:1-32,Malaquias 3:1-12,Tiago 5:7-12,Lucas 18:1-8
Par,Próprio 28,Sab,"Salmo 107:33-43, 108:1-6(7-13)",Salmo 33,Malaquias 3:13-4:6,Tiago 5:13-20,Lucas 18:9-14
Par,Próprio 29,Seg,Salmo 106:1-18,Salmo 106:19-48,Zacarias 10:1-12,Gálatas 6:1-10,Lucas 18:15-30
Par,Próprio 29,Ter,"Salmo [120], 121, 122, 123","Salmo 124, 125, 126, [127]",Zacarias 11:4-17,1 Coríntios 3:10-23,Lucas 18:31-43
Par,Próprio 29,Qua,Salmo 119:145-176,"Salmo 128, 129, 130",Zacarias 12:1-10,Efésios 1:3-14,Lucas 19:1-10
Par,Próprio 29,Qui,"Salmo 131, 132, [133]","Salmo 134, 135",Zacarias 13:1-9,Efésios 1:15-23,Lucas 19:11-27
Par,Próprio 29,Sex,"Salmo 140, 142","Salmo 141, 143:1-11(12)",Zacarias 14:1-11,Romanos 15:7-13,Lucas 19:28-40
Par,Próprio 29,Sab,"Salmo 137:1-6(7-9), 144",Salmo 104,Zacarias 14:12-21,Filipenses 2:1-11,Lucas 19:41-48
